Ticker,Company,Sector,Industry,Market Cap,Days Seen,Total Days,Dates,Max ATR%,Max EPS%,Max Appearances,Screeners Hit,Base Score,Signal Score,Q Rank,Stage,Quality Mod,Watch,Last SMA50%,EP,IPO,MULTI,HIGH,CHAR,CC_DEEP,CC_WATCH
ARM,Arm Holdings Plc ADR,Technology,Semiconductors,249.37B,5,5,"2026-04-20, 2026-04-21, 2026-04-22, 2026-04-23, 2026-04-24",5.0,-2.0,4,"52 Week High, IPO, Power Move, Week 20%+ Gain",160.0,280.0,97,Uptrend,30,False,29.3,True,True,True,False,True,False,False
MXL,MaxLinear Inc,Technology,Semiconductors,5.40B,5,5,"2026-04-20, 2026-04-21, 2026-04-22, 2026-04-23, 2026-04-24",6.5,46.1,5,"10% Change, 52 Week High, Growth, Power Move, Week 20%+ Gain",170.0,275.0,99,Uptrend,30,False,70.7,True,False,True,False,True,False,False
NVTS,Navitas Semiconductor Corp,Technology,Semiconductors,3.99B,5,5,"2026-04-20, 2026-04-21, 2026-04-22, 2026-04-23, 2026-04-24",8.3,-24.8,4,"10% Change, 52 Week High, Power Move, Week 20%+ Gain",160.0,265.0,87,Uptrend,30,False,42.7,True,False,True,False,True,False,False
POET,POET Technologies Inc,Technology,Semiconductors,2.31B,5,5,"2026-04-20, 2026-04-21, 2026-04-22, 2026-04-23, 2026-04-24",8.9,34.7,4,"10% Change, 52 Week High, Power Move, Week 20%+ Gain",160.0,265.0,99,Uptrend,30,False,36.2,True,False,True,False,True,False,False
AAOI,Applied Optoelectronics Inc,Technology,Communication Equipment,12.19B,5,5,"2026-04-20, 2026-04-21, 2026-04-22, 2026-04-23, 2026-04-24",11.3,84.7,3,"10% Change, 52 Week High, Growth, Power Move",160.0,240.0,96,Uptrend,30,True,72.8,True,False,True,False,False,False,False
CAR,Avis Budget Group Inc,Industrials,Rental & Leasing Services,15.68B,3,5,"2026-04-20, 2026-04-21, 2026-04-22",19.0,51.2,4,"10% Change, 52 Week High, Power Move, Week 20%+ Gain",120.0,225.0,107,Uptrend,30,False,261.3,True,False,True,False,True,False,False
VIK,Viking Holdings Ltd,Consumer Cyclical,Travel Services,36.47B,5,5,"2026-04-20, 2026-04-21, 2026-04-22, 2026-04-23, 2026-04-24",4.7,697.1,3,"52 Week High, Growth, IPO",150.0,225.0,106,Uptrend,30,False,14.5,False,True,True,True,False,False,False
SNDK,Sandisk Corp,Technology,Computer Hardware,146.11B,5,5,"2026-04-20, 2026-04-21, 2026-04-22, 2026-04-23, 2026-04-24",6.5,-328.0,3,"52 Week High, Growth, IPO",150.0,225.0,100,Uptrend,30,False,33.0,False,True,True,True,False,False,False
GEV,GE Vernova Inc,Industrials,Specialty Industrial Machinery,308.81B,5,5,"2026-04-20, 2026-04-21, 2026-04-22, 2026-04-23, 2026-04-24",3.8,395.1,3,"52 Week High, IPO, Power Move",150.0,225.0,90,Uptrend,30,False,13.1,False,True,True,True,False,False,False
ERAS,Erasca Inc,Healthcare,Biotechnology,6.98B,4,5,"2026-04-20, 2026-04-21, 2026-04-22, 2026-04-23",7.3,41.1,4,"10% Change, 52 Week High, Power Move, Week 20%+ Gain",140.0,220.0,69,Uptrend,30,False,45.3,True,False,True,False,False,False,False
FCEL,Fuelcell Energy Inc,Industrials,Electrical Equipment & Parts,592.29M,5,5,"2026-04-20, 2026-04-21, 2026-04-22, 2026-04-23, 2026-04-24",7.0,11.6,3,"10% Change, 52 Week High, Power Move, Week 20%+ Gain",160.0,215.0,5,Transitional,-20,True,19.0,True,False,True,False,True,False,False
USAR,USA Rare Earth Inc,Basic Materials,Other Industrial Metals & Mining,4.76B,5,5,"2026-04-20, 2026-04-21, 2026-04-22, 2026-04-23, 2026-04-24",9.1,-1089.3,3,"IPO, Power Move, Week 20%+ Gain",150.0,215.0,67,Uptrend,30,False,22.7,False,True,True,False,False,False,False
AMD,Advanced Micro Devices Inc,Technology,Semiconductors,567.05B,5,5,"2026-04-20, 2026-04-21, 2026-04-22, 2026-04-23, 2026-04-24",4.0,163.3,3,"52 Week High, Growth, Power Move",150.0,210.0,117,Uptrend,30,False,28.6,False,False,True,True,False,False,False
VELO,Velo3D Inc,Technology,Computer Hardware,455.13M,4,5,"2026-04-21, 2026-04-22, 2026-04-23, 2026-04-24",11.8,95.7,3,"10% Change, Power Move, Week 20%+ Gain",130.0,205.0,62,Uptrend,30,False,32.6,False,False,True,False,True,False,False
CTRI,Centuri Holdings Inc,Utilities,Utilities - Regulated Gas,3.50B,5,5,"2026-04-20, 2026-04-21, 2026-04-22, 2026-04-23, 2026-04-24",3.5,432.2,2,"52 Week High, IPO",140.0,195.0,102,Uptrend,30,False,7.5,False,True,False,True,False,False,False
INGM,Ingram Micro Holding Corp,Technology,Information Technology Services,7.03B,5,5,"2026-04-20, 2026-04-21, 2026-04-22, 2026-04-23, 2026-04-24",3.1,24.0,2,"52 Week High, IPO",140.0,195.0,74,Uptrend,30,False,29.3,False,True,False,True,False,False,False
BTSG,BrightSpring Health Services Inc,Healthcare,Health Information Services,9.30B,5,5,"2026-04-20, 2026-04-21, 2026-04-22, 2026-04-23, 2026-04-24",3.7,893.6,2,"52 Week High, IPO",140.0,195.0,86,Uptrend,30,False,13.5,False,True,False,True,False,False,False
XNDU,Xanadu Quantum Technologies Ltd,Technology,Software - Infrastructure,1.50B,3,5,"2026-04-20, 2026-04-21, 2026-04-22",19.1,0.0,3,"10% Change, Power Move, Week 20%+ Gain",110.0,185.0,107,Uptrend,30,False,145.8,False,False,True,False,True,False,False
WT,WisdomTree Inc,Financial,Asset Management,2.32B,5,5,"2026-04-20, 2026-04-21, 2026-04-22, 2026-04-23, 2026-04-24",4.9,135.2,2,"52 Week High, Growth",140.0,180.0,84,Uptrend,30,False,15.4,False,False,False,True,False,False,False
NVT,nVent Electric plc,Industrials,Electrical Equipment & Parts,22.99B,5,5,"2026-04-20, 2026-04-21, 2026-04-22, 2026-04-23, 2026-04-24",3.8,116.2,2,"52 Week High, Growth",140.0,180.0,102,Uptrend,30,False,14.4,False,False,False,True,False,False,False
TSM,Taiwan Semiconductor Manufacturing ADR,Technology,Semiconductors,2087.36B,5,5,"2026-04-20, 2026-04-21, 2026-04-22, 2026-04-23, 2026-04-24",3.3,51.5,2,"52 Week High, Growth",140.0,180.0,97,Uptrend,30,False,3.2,False,False,False,True,False,False,False
TER,Teradyne Inc,Technology,Semiconductor Equipment & Materials,65.45B,5,5,"2026-04-20, 2026-04-21, 2026-04-22, 2026-04-23, 2026-04-24",4.3,3.1,2,"52 Week High, Growth",140.0,180.0,99,Uptrend,30,False,17.8,False,False,False,True,False,False,False
AUPH,Aurinia Pharmaceuticals Inc,Healthcare,Biotechnology,2.12B,5,5,"2026-04-20, 2026-04-21, 2026-04-22, 2026-04-23, 2026-04-24",3.2,5205.1,2,"52 Week High, Growth",140.0,180.0,96,Uptrend,30,False,8.0,False,False,False,True,False,False,False
AVGO,Broadcom Inc,Technology,Semiconductors,2001.63B,5,5,"2026-04-20, 2026-04-21, 2026-04-22, 2026-04-23, 2026-04-24",3.0,145.7,2,"52 Week High, Growth",140.0,180.0,98,Uptrend,30,False,19.2,False,False,False,True,False,False,False
TXN,Texas Instruments Inc,Technology,Semiconductors,252.33B,5,5,"2026-04-20, 2026-04-21, 2026-04-22, 2026-04-23, 2026-04-24",3.4,10.7,2,"52 Week High, Power Move",140.0,180.0,85,Uptrend,30,False,13.0,False,False,False,True,False,False,False
VIR,Vir Biotechnology Inc,Healthcare,Biotechnology,1.66B,5,5,"2026-04-20, 2026-04-21, 2026-04-22, 2026-04-23, 2026-04-24",5.4,17.3,2,"52 Week High, Growth",140.0,180.0,71,Uptrend,30,False,23.1,False,False,False,True,False,False,False
KEYS,Keysight Technologies Inc,Technology,Scientific & Technical Instruments,59.50B,5,5,"2026-04-20, 2026-04-21, 2026-04-22, 2026-04-23, 2026-04-24",3.2,58.5,2,"52 Week High, Growth",140.0,180.0,101,Uptrend,30,False,17.6,False,False,False,True,False,False,False
MU,Micron Technology Inc,Technology,Semiconductors,560.17B,5,5,"2026-04-20, 2026-04-21, 2026-04-22, 2026-04-23, 2026-04-24",5.7,410.2,2,"52 Week High, Growth",140.0,180.0,95,Uptrend,30,False,10.0,False,False,False,True,False,False,False
LRCX,Lam Research Corp,Technology,Semiconductor Equipment & Materials,334.40B,5,5,"2026-04-20, 2026-04-21, 2026-04-22, 2026-04-23, 2026-04-24",4.4,48.2,2,"52 Week High, Growth",140.0,180.0,88,Uptrend,30,False,13.1,False,False,False,True,False,False,False
MTSI,MACOM Technology Solutions Holdings Inc,Technology,Semiconductors,21.58B,5,5,"2026-04-20, 2026-04-21, 2026-04-22, 2026-04-23, 2026-04-24",4.4,254.2,2,"52 Week High, Growth",140.0,180.0,89,Uptrend,30,False,17.9,False,False,False,True,False,False,False
ADTN,ADTRAN Holdings Inc,Technology,Communication Equipment,1.37B,5,5,"2026-04-20, 2026-04-21, 2026-04-22, 2026-04-23, 2026-04-24",4.2,90.8,2,"52 Week High, Growth",140.0,180.0,76,Uptrend,30,False,49.6,False,False,False,True,False,False,False
ADI,Analog Devices Inc,Technology,Semiconductors,195.07B,5,5,"2026-04-20, 2026-04-21, 2026-04-22, 2026-04-23, 2026-04-24",2.8,74.6,2,"52 Week High, Growth",140.0,180.0,86,Uptrend,30,False,14.5,False,False,False,True,False,False,False
ADEA,Adeia Inc,Technology,Software - Application,3.36B,5,5,"2026-04-20, 2026-04-21, 2026-04-22, 2026-04-23, 2026-04-24",3.4,71.9,2,"52 Week High, Growth",140.0,180.0,82,Uptrend,30,False,29.5,False,False,False,True,False,False,False
VRT,Vertiv Holdings Co,Industrials,Electrical Equipment & Parts,124.24B,5,5,"2026-04-20, 2026-04-21, 2026-04-22, 2026-04-23, 2026-04-24",4.5,164.2,2,"52 Week High, Growth",140.0,180.0,106,Uptrend,30,False,21.1,False,False,False,True,False,False,False
AEHR,Aehr Test Systems,Technology,Semiconductor Equipment & Materials,3.02B,4,5,"2026-04-20, 2026-04-21, 2026-04-22, 2026-04-24",7.9,-147.8,2,"52 Week High, Week 20%+ Gain",120.0,180.0,61,Uptrend,30,False,106.4,True,False,False,False,False,False,False
LASR,nLIGHT Inc,Technology,Semiconductors,4.23B,5,5,"2026-04-20, 2026-04-21, 2026-04-22, 2026-04-23, 2026-04-24",7.3,62.9,2,"52 Week High, Growth",140.0,180.0,76,Uptrend,30,False,15.2,False,False,False,True,False,False,False
JBL,Jabil Inc,Technology,Electronic Components,36.04B,5,5,"2026-04-20, 2026-04-21, 2026-04-22, 2026-04-23, 2026-04-24",3.6,78.7,2,"52 Week High, Growth",140.0,180.0,84,Uptrend,30,False,22.6,False,False,False,True,False,False,False
ALGM,Allegro Microsystems Inc,Technology,Semiconductors,8.18B,5,5,"2026-04-20, 2026-04-21, 2026-04-22, 2026-04-23, 2026-04-24",4.3,79.0,2,"52 Week High, Growth",140.0,180.0,69,Uptrend,30,False,14.4,False,False,False,True,False,False,False
CIEN,CIENA Corp,Technology,Communication Equipment,73.64B,5,5,"2026-04-20, 2026-04-21, 2026-04-22, 2026-04-23, 2026-04-24",6.4,193.4,2,"52 Week High, Growth",140.0,180.0,97,Uptrend,30,False,32.9,False,False,False,True,False,False,False
CMPS,Compass Pathways Plc ADR,Healthcare,Medical Care Facilities,920.54M,5,5,"2026-04-20, 2026-04-21, 2026-04-22, 2026-04-23, 2026-04-24",7.8,-32.7,2,"Power Move, Week 20%+ Gain",140.0,180.0,57,Uptrend,15,False,46.6,False,False,False,False,True,False,False
ANET,Arista Networks Inc,Technology,Computer Hardware,222.29B,5,5,"2026-04-20, 2026-04-21, 2026-04-22, 2026-04-23, 2026-04-24",3.7,23.0,2,"52 Week High, Growth",140.0,180.0,100,Uptrend,30,False,21.8,False,False,False,True,False,False,False
GLW,Corning Inc,Technology,Electronic Components,151.09B,5,5,"2026-04-20, 2026-04-21, 2026-04-22, 2026-04-23, 2026-04-24",5.4,214.7,2,"52 Week High, Growth",140.0,180.0,95,Uptrend,30,False,15.8,False,False,False,True,False,False,False
CLS,Celestica Inc,Technology,Electronic Components,47.16B,5,5,"2026-04-20, 2026-04-21, 2026-04-22, 2026-04-23, 2026-04-24",4.8,94.6,2,"52 Week High, Growth",140.0,180.0,79,Uptrend,30,False,34.6,False,False,False,True,False,False,False
FIVE,Five Below Inc,Consumer Cyclical,Specialty Retail,12.93B,5,5,"2026-04-20, 2026-04-21, 2026-04-22, 2026-04-23, 2026-04-24",4.1,41.1,2,"52 Week High, Growth",140.0,180.0,87,Uptrend,30,False,11.9,False,False,False,True,False,False,False
CSTM,Constellium SE,Basic Materials,Aluminum,4.24B,5,5,"2026-04-20, 2026-04-21, 2026-04-22, 2026-04-23, 2026-04-24",4.6,508.6,2,"52 Week High, Growth",140.0,180.0,84,Uptrend,30,False,16.8,False,False,False,True,False,False,False
DELL,Dell Technologies Inc,Technology,Computer Hardware,141.12B,5,5,"2026-04-20, 2026-04-21, 2026-04-22, 2026-04-23, 2026-04-24",4.4,39.6,2,"52 Week High, Growth",140.0,180.0,97,Uptrend,30,False,33.2,False,False,False,True,False,False,False
STX,Seagate Technology Holdings Plc,Technology,Computer Hardware,127.85B,5,5,"2026-04-20, 2026-04-21, 2026-04-22, 2026-04-23, 2026-04-24",5.1,65.0,2,"52 Week High, Growth",140.0,180.0,92,Uptrend,30,False,27.1,False,False,False,True,False,False,False
RSI,Rush Street Interactive Inc,Consumer Cyclical,Gambling,5.51B,5,5,"2026-04-20, 2026-04-21, 2026-04-22, 2026-04-23, 2026-04-24",3.8,1215.5,2,"52 Week High, Growth",140.0,180.0,86,Uptrend,30,False,12.8,False,False,False,True,False,False,False
TVTX,Travere Therapeutics Inc,Healthcare,Biotechnology,3.74B,5,5,"2026-04-20, 2026-04-21, 2026-04-22, 2026-04-23, 2026-04-24",6.4,86.2,2,"Growth, Week 20%+ Gain",140.0,170.0,80,Uptrend,30,False,33.3,False,False,False,False,False,False,False
LWLG,Lightwave Logic Inc,Basic Materials,Specialty Chemicals,2.26B,2,5,"2026-04-20, 2026-04-22",8.9,18.5,3,"10% Change, 52 Week High, Power Move",90.0,170.0,92,Uptrend,30,False,115.9,True,False,True,False,False,False,False
ALAB,Astera Labs Inc,Technology,Semiconductors,36.23B,5,5,"2026-04-20, 2026-04-21, 2026-04-22, 2026-04-23, 2026-04-24",5.9,342.4,2,"Growth, IPO",140.0,165.0,64,Transitional,10,False,33.4,False,True,False,False,False,False,False
ATOM,Atomera Inc,Technology,Semiconductor Equipment & Materials,333.02M,2,5,"2026-04-20, 2026-04-24",9.1,3.5,3,"10% Change, Power Move, Week 20%+ Gain",90.0,165.0,84,Uptrend,30,False,36.8,False,False,True,False,True,False,False
PBI,Pitney Bowes Inc,Industrials,Integrated Freight & Logistics,2.24B,4,5,"2026-04-20, 2026-04-21, 2026-04-22, 2026-04-24",3.2,1342.5,2,"52 Week High, Power Move",120.0,160.0,84,Uptrend,30,False,21.6,False,False,False,True,False,False,False
STM,ST Microelectronics,Technology,Semiconductors,44.86B,4,5,"2026-04-20, 2026-04-21, 2026-04-23, 2026-04-24",3.7,-89.4,2,"52 Week High, Power Move",120.0,160.0,64,Uptrend,30,False,28.2,False,False,False,True,False,False,False
SN,SharkNinja Inc,Consumer Cyclical,"Furnishings, Fixtures & Appliances",16.35B,5,5,"2026-04-20, 2026-04-21, 2026-04-22, 2026-04-23, 2026-04-24",4.8,58.7,1,IPO,110.0,155.0,88,Uptrend,30,False,6.5,False,True,False,False,False,False,False
KGS,Kodiak Gas Services Inc,Energy,Oil & Gas Equipment & Services,5.83B,5,5,"2026-04-20, 2026-04-21, 2026-04-22, 2026-04-23, 2026-04-24",3.1,50.7,1,IPO,110.0,155.0,76,Uptrend,30,False,12.8,False,True,False,False,False,False,False
NATL,NCR Atleos Corp,Technology,Software - Application,3.28B,5,5,"2026-04-20, 2026-04-21, 2026-04-22, 2026-04-23, 2026-04-24",2.1,110.1,1,IPO,110.0,155.0,89,Uptrend,30,False,5.2,False,True,False,False,False,False,False
CGON,Cg Oncology Inc,Healthcare,Biotechnology,5.80B,5,5,"2026-04-20, 2026-04-21, 2026-04-22, 2026-04-23, 2026-04-24",4.9,-80.1,1,IPO,110.0,155.0,68,Uptrend,30,False,12.9,False,True,False,False,False,False,False
CAVA,Cava Group Inc,Consumer Cyclical,Restaurants,11.14B,5,5,"2026-04-20, 2026-04-21, 2026-04-22, 2026-04-23, 2026-04-24",4.5,-51.6,1,IPO,110.0,155.0,82,Uptrend,30,False,22.0,False,True,False,False,False,False,False
CORZ,Core Scientific Inc,Technology,Software - Infrastructure,6.59B,5,5,"2026-04-20, 2026-04-21, 2026-04-22, 2026-04-23, 2026-04-24",5.2,128.3,1,IPO,110.0,155.0,95,Uptrend,30,False,17.0,False,True,False,False,False,False,False
PWR,Quanta Services Inc,Industrials,Engineering & Construction,93.49B,5,5,"2026-04-20, 2026-04-21, 2026-04-22, 2026-04-23, 2026-04-24",3.0,12.3,1,52 Week High,110.0,150.0,83,Uptrend,30,False,8.1,False,False,False,True,False,False,False
PLAB,Photronics Inc,Technology,Semiconductor Equipment & Materials,3.08B,5,5,"2026-04-20, 2026-04-21, 2026-04-22, 2026-04-23, 2026-04-24",4.4,-1.0,1,52 Week High,110.0,150.0,60,Uptrend,30,False,26.0,False,False,False,True,False,False,False
TSSI,TSS Inc,Technology,Information Technology Services,437.43M,5,5,"2026-04-20, 2026-04-21, 2026-04-22, 2026-04-23, 2026-04-24",8.0,114.5,3,"10% Change, Growth, Power Move",150.0,150.0,35,Transitional,-20,False,31.2,False,False,True,False,False,False,False
DAN,Dana Inc,Consumer Cyclical,Auto Parts,4.27B,5,5,"2026-04-20, 2026-04-21, 2026-04-22, 2026-04-23, 2026-04-24",3.5,243.1,1,52 Week High,110.0,150.0,84,Uptrend,30,False,12.1,False,False,False,True,False,False,False
AMSC,American Superconductor Corp,Industrials,Specialty Industrial Machinery,2.36B,4,5,"2026-04-21, 2026-04-22, 2026-04-23, 2026-04-24",6.3,3676.5,3,"10% Change, Growth, Power Move",130.0,150.0,51,Transitional,0,True,26.0,False,False,True,False,False,False,False
AMKR,AMKOR Technology Inc,Technology,Semiconductor Equipment & Materials,19.35B,5,5,"2026-04-20, 2026-04-21, 2026-04-22, 2026-04-23, 2026-04-24",5.1,5.3,1,52 Week High,110.0,150.0,76,Uptrend,30,False,40.5,False,False,False,True,False,False,False
MRVL,Marvell Technology Inc,Technology,Semiconductors,143.68B,5,5,"2026-04-20, 2026-04-21, 2026-04-22, 2026-04-23, 2026-04-24",4.3,405.2,2,"52 Week High, Growth",140.0,150.0,40,Transitional,0,True,54.8,False,False,False,True,False,False,False
AXTI,AXT Inc,Technology,Semiconductor Equipment & Materials,4.83B,1,5,2026-04-22,11.3,-79.1,3,"52 Week High, Power Move, Week 20%+ Gain",70.0,150.0,90,Uptrend,30,False,77.0,True,False,True,False,False,False,False
LSCC,Lattice Semiconductor Corp,Technology,Semiconductors,16.81B,5,5,"2026-04-20, 2026-04-21, 2026-04-22, 2026-04-23, 2026-04-24",4.5,-95.0,1,52 Week High,110.0,150.0,67,Uptrend,30,False,22.6,False,False,False,True,False,False,False
ON,ON Semiconductor Corp,Technology,Semiconductors,38.70B,5,5,"2026-04-20, 2026-04-21, 2026-04-22, 2026-04-23, 2026-04-24",3.7,-90.8,1,52 Week High,110.0,150.0,62,Uptrend,30,False,30.3,False,False,False,True,False,False,False
ASX,ASE Technology Holding CoLtd ADR,Technology,Semiconductors,69.99B,5,5,"2026-04-20, 2026-04-21, 2026-04-22, 2026-04-23, 2026-04-24",3.3,29.1,1,52 Week High,110.0,150.0,84,Uptrend,30,False,26.2,False,False,False,True,False,False,False
VIAV,Viavi Solutions Inc,Technology,Communication Equipment,11.05B,5,5,"2026-04-20, 2026-04-21, 2026-04-22, 2026-04-23, 2026-04-24",5.8,-7.2,1,52 Week High,110.0,150.0,74,Uptrend,30,False,35.3,False,False,False,True,False,False,False
FIGS,Figs Inc,Consumer Cyclical,Apparel Manufacturing,2.75B,5,5,"2026-04-20, 2026-04-21, 2026-04-22, 2026-04-23, 2026-04-24",5.8,1187.7,1,Growth,110.0,140.0,96,Uptrend,30,False,14.5,False,False,False,False,False,False,False
LITE,Lumentum Holdings Inc,Technology,Communication Equipment,62.95B,5,5,"2026-04-20, 2026-04-21, 2026-04-22, 2026-04-23, 2026-04-24",8.4,146.6,1,Growth,110.0,140.0,101,Uptrend,30,False,25.8,False,False,False,False,False,False,False
CODI,Compass Diversified Holdings,Industrials,Conglomerates,864.46M,5,5,"2026-04-20, 2026-04-21, 2026-04-22, 2026-04-23, 2026-04-24",5.0,6.8,1,Growth,110.0,140.0,80,Uptrend,30,False,50.8,False,False,False,False,False,False,False
RELY,Remitly Global Inc,Technology,Software - Infrastructure,4.44B,5,5,"2026-04-20, 2026-04-21, 2026-04-22, 2026-04-23, 2026-04-24",3.6,270.1,1,Growth,110.0,140.0,86,Uptrend,30,False,27.9,False,False,False,False,False,False,False
SQM,Sociedad Quimica Y Minera de Chile SA ADR,Basic Materials,Specialty Chemicals,12.68B,5,5,"2026-04-20, 2026-04-21, 2026-04-22, 2026-04-23, 2026-04-24",4.8,249.2,1,Growth,110.0,140.0,96,Uptrend,30,False,14.1,False,False,False,False,False,False,False
SBS,Companhia de Saneamento Basico do Estado de Sao Paulo ADR,Utilities,Utilities - Regulated Water,24.38B,5,5,"2026-04-20, 2026-04-21, 2026-04-22, 2026-04-23, 2026-04-24",2.8,-11.9,1,Growth,110.0,140.0,95,Uptrend,30,False,18.3,False,False,False,False,False,False,False
AMLX,Amylyx Pharmaceuticals Inc,Healthcare,Drug Manufacturers - Specialty & Generic,1.88B,5,5,"2026-04-20, 2026-04-21, 2026-04-22, 2026-04-23, 2026-04-24",5.0,65.0,1,Growth,110.0,140.0,71,Uptrend,30,False,18.5,False,False,False,False,False,False,False
TTMI,TTM Technologies Inc,Technology,Electronic Components,15.47B,3,5,"2026-04-20, 2026-04-23, 2026-04-24",6.2,211.8,2,"52 Week High, Power Move",100.0,140.0,92,Uptrend,30,False,23.4,False,False,False,True,False,False,False
KC,Kingsoft Cloud Holdings Ltd ADR,Technology,Software - Application,4.84B,5,5,"2026-04-20, 2026-04-21, 2026-04-22, 2026-04-23, 2026-04-24",4.9,56.6,1,Growth,110.0,140.0,78,Uptrend,30,False,29.3,False,False,False,False,False,False,False
NVDA,NVIDIA Corp,Technology,Semiconductors,5060.96B,5,5,"2026-04-20, 2026-04-21, 2026-04-22, 2026-04-23, 2026-04-24",2.6,66.1,1,Growth,110.0,140.0,84,Uptrend,30,False,9.9,False,False,False,False,False,False,False
VIRT,Virtu Financial Inc,Financial,Capital Markets,7.51B,5,5,"2026-04-20, 2026-04-21, 2026-04-22, 2026-04-23, 2026-04-24",3.1,72.1,1,Growth,110.0,140.0,80,Uptrend,30,False,18.0,False,False,False,False,False,False,False
ARWR,Arrowhead Pharmaceuticals Inc,Healthcare,Biotechnology,10.35B,5,5,"2026-04-20, 2026-04-21, 2026-04-22, 2026-04-23, 2026-04-24",4.7,130.4,1,Growth,110.0,140.0,90,Uptrend,30,False,11.7,False,False,False,False,False,False,False
ASML,ASML Holding NV,Technology,Semiconductor Equipment & Materials,561.83B,5,5,"2026-04-20, 2026-04-21, 2026-04-22, 2026-04-23, 2026-04-24",4.1,26.4,1,Growth,110.0,140.0,92,Uptrend,30,False,5.3,False,False,False,False,False,False,False
APGE,Apogee Therapeutics Inc,Healthcare,Biotechnology,6.13B,4,5,"2026-04-20, 2026-04-21, 2026-04-22, 2026-04-23",4.5,-30.4,1,IPO,90.0,135.0,78,Uptrend,30,False,20.6,False,True,False,False,False,False,False
AHR,American Healthcare REIT Inc,Real Estate,REIT - Healthcare Facilities,9.71B,4,5,"2026-04-20, 2026-04-21, 2026-04-23, 2026-04-24",3.0,257.9,1,IPO,90.0,135.0,84,Uptrend,30,False,-0.5,False,True,False,False,False,False,False
ATMU,Atmus Filtration Technologies Inc,Consumer Cyclical,Auto Parts,5.08B,4,5,"2026-04-20, 2026-04-21, 2026-04-23, 2026-04-24",3.6,13.2,1,IPO,90.0,135.0,74,Uptrend,30,False,3.4,False,True,False,False,False,False,False
CADL,Candel Therapeutics Inc,Healthcare,Biotechnology,515.66M,4,5,"2026-04-20, 2026-04-21, 2026-04-22, 2026-04-23",6.1,60.7,3,"10% Change, Power Move, Week 20%+ Gain",130.0,130.0,31,Transitional,-20,True,39.1,False,False,True,False,False,False,False
HUT,Hut 8 Corp,Financial,Capital Markets,8.73B,4,5,"2026-04-20, 2026-04-21, 2026-04-22, 2026-04-23",6.7,-157.6,1,52 Week High,90.0,130.0,69,Uptrend,30,False,44.2,False,False,False,True,False,False,False
STLD,Steel Dynamics Inc,Basic Materials,Steel,32.57B,4,5,"2026-04-20, 2026-04-21, 2026-04-22, 2026-04-23",3.2,23.3,1,52 Week High,90.0,130.0,79,Uptrend,30,False,12.3,False,False,False,True,False,False,False
BB,BlackBerry Ltd,Technology,Software - Infrastructure,3.19B,3,5,"2026-04-20, 2026-04-21, 2026-04-22",5.0,159.4,3,"10% Change, Power Move, Week 20%+ Gain",110.0,130.0,44,Transitional,0,True,55.2,False,False,True,False,False,False,False
ARMK,Aramark,Industrials,Specialty Business Services,12.14B,4,5,"2026-04-20, 2026-04-21, 2026-04-22, 2026-04-23",2.5,-6.5,1,52 Week High,90.0,130.0,67,Uptrend,30,False,10.8,False,False,False,True,False,False,False
WDC,Western Digital Corp,Technology,Computer Hardware,136.67B,4,5,"2026-04-20, 2026-04-21, 2026-04-22, 2026-04-23",5.3,149.5,1,52 Week High,90.0,130.0,96,Uptrend,30,False,26.9,False,False,False,True,False,False,False
ENTG,Entegris Inc,Technology,Semiconductor Equipment & Materials,23.75B,4,5,"2026-04-20, 2026-04-21, 2026-04-22, 2026-04-24",4.0,-19.9,1,52 Week High,90.0,130.0,67,Uptrend,30,False,18.6,False,False,False,True,False,False,False
BE,Bloom Energy Corp,Industrials,Electrical Equipment & Parts,65.28B,4,5,"2026-04-21, 2026-04-22, 2026-04-23, 2026-04-24",7.3,-185.5,1,52 Week High,90.0,130.0,82,Uptrend,30,False,38.9,False,False,False,True,False,False,False
VSH,Vishay Intertechnology Inc,Technology,Semiconductors,3.83B,4,5,"2026-04-21, 2026-04-22, 2026-04-23, 2026-04-24",4.2,71.6,1,52 Week High,90.0,130.0,65,Uptrend,30,False,38.6,False,False,False,True,False,False,False
ETN,Eaton Corp Plc,Industrials,Specialty Industrial Machinery,164.47B,4,5,"2026-04-21, 2026-04-22, 2026-04-23, 2026-04-24",3.0,9.9,1,52 Week High,90.0,130.0,84,Uptrend,30,False,9.7,False,False,False,True,False,False,False
OUST,Ouster Inc,Technology,Electronic Components,1.77B,4,5,"2026-04-20, 2026-04-21, 2026-04-22, 2026-04-24",6.8,47.1,3,"10% Change, Growth, Power Move",130.0,130.0,39,Transitional,-20,True,32.3,False,False,True,False,False,False,False
GFS,GlobalFoundries Inc,Technology,Semiconductors,34.38B,4,5,"2026-04-20, 2026-04-21, 2026-04-23, 2026-04-24",4.4,432.2,1,52 Week High,90.0,130.0,84,Uptrend,30,False,26.8,False,False,False,True,False,False,False
FLEX,Flex Ltd,Technology,Electronic Components,33.61B,4,5,"2026-04-20, 2026-04-21, 2026-04-23, 2026-04-24",3.9,-9.7,1,52 Week High,90.0,130.0,74,Uptrend,30,False,25.6,False,False,False,True,False,False,False
KLAC,KLA Corp,Technology,Semiconductor Equipment & Materials,253.63B,4,5,"2026-04-20, 2026-04-21, 2026-04-23, 2026-04-24",3.6,44.5,1,52 Week High,90.0,130.0,78,Uptrend,30,False,18.3,False,False,False,True,False,False,False
CRWV,CoreWeave Inc,Technology,Software - Infrastructure,57.90B,5,5,"2026-04-20, 2026-04-21, 2026-04-22, 2026-04-23, 2026-04-24",7.4,-22.6,1,IPO,110.0,125.0,48,Transitional,0,False,31.8,False,True,False,False,False,False,False
GMED,Globus Medical Inc,Healthcare,Medical Devices,12.81B,4,5,"2026-04-20, 2026-04-21, 2026-04-22, 2026-04-24",3.2,425.1,1,Growth,90.0,120.0,94,Uptrend,30,False,8.2,False,False,False,False,False,False,False
RMBS,Rambus Inc,Technology,Semiconductors,17.13B,2,5,"2026-04-23, 2026-04-24",4.8,27.9,2,"52 Week High, Power Move",80.0,120.0,85,Uptrend,30,False,37.7,False,False,False,True,False,False,False
HIMX,Himax Technologies ADR,Technology,Semiconductors,2.06B,2,5,"2026-04-22, 2026-04-24",6.0,-44.6,2,"52 Week High, Power Move",80.0,120.0,66,Uptrend,30,False,33.5,False,False,False,True,False,False,False
STNG,Scorpio Tankers Inc,Energy,Oil & Gas Midstream,4.06B,4,5,"2026-04-20, 2026-04-22, 2026-04-23, 2026-04-24",4.3,-45.9,1,Growth,90.0,120.0,76,Uptrend,30,False,5.0,False,False,False,False,False,False,False
CGAU,Centerra Gold Inc,Basic Materials,Gold,3.79B,4,5,"2026-04-20, 2026-04-22, 2026-04-23, 2026-04-24",5.0,673.4,1,Growth,90.0,120.0,86,Uptrend,30,False,7.6,False,False,False,False,False,False,False
TEL,TE Connectivity plc,Technology,Electronic Components,71.36B,2,5,"2026-04-20, 2026-04-21",3.0,11.0,2,"52 Week High, Growth",80.0,120.0,90,Uptrend,30,False,13.4,False,False,False,True,False,False,False
SLDE,Slide Insurance Holdings Inc,Financial,Insurance - Property & Casualty,2.30B,4,5,"2026-04-20, 2026-04-21, 2026-04-22, 2026-04-24",3.6,0.0,1,Growth,90.0,120.0,93,Uptrend,30,False,5.9,False,False,False,False,False,False,False
CC,Chemours Company,Basic Materials,Specialty Chemicals,3.99B,2,5,"2026-04-22, 2026-04-24",4.5,-540.2,2,"52 Week High, Power Move",80.0,120.0,64,Uptrend,30,False,19.9,False,False,False,True,False,False,False
ASB,Associated Banc-Corp,Financial,Banks - Regional,4.63B,4,5,"2026-04-20, 2026-04-21, 2026-04-22, 2026-04-23",2.4,252.1,1,Growth,90.0,120.0,88,Uptrend,30,False,6.7,False,False,False,False,False,False,False
AVT,Avnet Inc,Technology,Electronics & Computer Distribution,6.44B,4,5,"2026-04-21, 2026-04-22, 2026-04-23, 2026-04-24",2.8,-30.7,1,52 Week High,90.0,115.0,54,Uptrend,15,False,16.5,False,False,False,True,False,False,False
UCTT,Ultra Clean Hldgs Inc,Technology,Semiconductor Equipment & Materials,3.78B,4,5,"2026-04-20, 2026-04-21, 2026-04-23, 2026-04-24",5.4,-863.5,1,52 Week High,90.0,115.0,51,Uptrend,15,False,28.6,False,False,False,True,False,False,False
AS,Amer Sports Inc,Consumer Cyclical,Leisure,20.73B,5,5,"2026-04-20, 2026-04-21, 2026-04-22, 2026-04-23, 2026-04-24",4.3,442.1,2,"Growth, IPO",140.0,115.0,7,Downtrend,-40,False,2.5,False,True,False,False,False,False,False
CART,Maplebear Inc,Consumer Cyclical,Internet Retail,9.98B,5,5,"2026-04-20, 2026-04-21, 2026-04-22, 2026-04-23, 2026-04-24",3.9,-2.3,1,IPO,110.0,115.0,9,Basing,-10,False,16.7,False,True,False,False,False,False,False
VECO,Veeco Instruments Inc,Technology,Semiconductor Equipment & Materials,3.12B,4,5,"2026-04-20, 2026-04-21, 2026-04-22, 2026-04-24",4.5,-54.6,1,52 Week High,90.0,115.0,54,Uptrend,15,False,38.6,False,False,False,True,False,False,False
AMTM,Amentum Holdings Inc,Industrials,Specialty Business Services,6.78B,3,5,"2026-04-20, 2026-04-21, 2026-04-22",3.7,442.4,1,IPO,70.0,115.0,81,Uptrend,30,False,-4.0,False,True,False,False,False,False,False
INV,Innventure Inc,Financial,Asset Management,523.65M,3,5,"2026-04-20, 2026-04-23, 2026-04-24",8.4,-195.4,3,"10% Change, Power Move, Week 20%+ Gain",110.0,110.0,37,Transitional,-20,True,65.6,False,False,True,False,False,False,False
MKSI,MKS Inc,Technology,Scientific & Technical Instruments,18.92B,3,5,"2026-04-20, 2026-04-21, 2026-04-24",4.7,55.9,1,52 Week High,70.0,110.0,84,Uptrend,30,False,15.0,False,False,False,True,False,False,False
AMPX,Amprius Technologies Inc,Industrials,Electrical Equipment & Parts,3.11B,3,5,"2026-04-20, 2026-04-21, 2026-04-22",7.6,21.3,1,52 Week High,70.0,110.0,67,Uptrend,30,False,28.9,False,False,False,True,False,False,False
APG,APi Group Corp,Industrials,Engineering & Construction,21.31B,3,5,"2026-04-20, 2026-04-21, 2026-04-23",2.9,-19.2,1,52 Week High,70.0,110.0,74,Uptrend,30,False,13.0,False,False,False,True,False,False,False
ST,Sensata Technologies Holding Plc,Technology,Scientific & Technical Instruments,6.10B,3,5,"2026-04-20, 2026-04-21, 2026-04-23",3.5,-76.1,1,52 Week High,70.0,110.0,76,Uptrend,30,False,12.8,False,False,False,True,False,False,False
UNIT,Uniti Group Inc,Real Estate,REIT - Specialty,2.81B,3,5,"2026-04-20, 2026-04-21, 2026-04-23",4.0,845.9,1,52 Week High,70.0,110.0,79,Uptrend,30,False,36.5,False,False,False,True,False,False,False
CSX,CSX Corp,Industrials,Railroads,85.81B,3,5,"2026-04-20, 2026-04-22, 2026-04-23",2.2,-14.0,1,52 Week High,70.0,110.0,87,Uptrend,30,False,4.7,False,False,False,True,False,False,False
CRML,Critical Metals Corp,Basic Materials,Other Industrial Metals & Mining,1.45B,2,5,"2026-04-20, 2026-04-22",10.7,26.2,2,"Power Move, Week 20%+ Gain",80.0,110.0,78,Uptrend,30,False,28.2,False,False,False,False,False,False,False
FORM,FormFactor Inc,Technology,Semiconductor Equipment & Materials,12.09B,3,5,"2026-04-20, 2026-04-21, 2026-04-24",5.3,-22.0,1,52 Week High,70.0,110.0,80,Uptrend,30,False,41.6,False,False,False,True,False,False,False
GSAT,Globalstar Inc,Communication Services,Telecom Services,10.52B,3,5,"2026-04-22, 2026-04-23, 2026-04-24",4.4,74.1,1,52 Week High,70.0,110.0,79,Uptrend,30,False,24.8,False,False,False,True,False,False,False
ODFL,Old Dominion Freight Line Inc,Industrials,Trucking,45.82B,3,5,"2026-04-20, 2026-04-21, 2026-04-22",3.2,-11.7,1,52 Week High,70.0,110.0,77,Uptrend,30,False,13.4,False,False,False,True,False,False,False
NUE,Nucor Corp,Basic Materials,Steel,48.80B,3,5,"2026-04-20, 2026-04-21, 2026-04-22",2.5,-10.4,1,52 Week High,70.0,110.0,72,Uptrend,30,False,14.5,False,False,False,True,False,False,False
CRDO,Credo Technology Group Holding Ltd,Technology,Semiconductors,35.98B,5,5,"2026-04-20, 2026-04-21, 2026-04-22, 2026-04-23, 2026-04-24",6.4,6897.1,1,Growth,110.0,110.0,49,Transitional,0,True,48.6,False,False,False,False,False,False,False
DLR,Digital Realty Trust Inc,Real Estate,REIT - Specialty,68.72B,3,5,"2026-04-20, 2026-04-21, 2026-04-24",2.1,114.1,1,52 Week High,70.0,110.0,95,Uptrend,30,False,12.7,False,False,False,True,False,False,False
TWST,Twist Bioscience Corp,Healthcare,Diagnostics & Research,3.87B,3,5,"2026-04-20, 2026-04-21, 2026-04-22",5.7,62.5,1,52 Week High,70.0,110.0,73,Uptrend,30,False,26.6,False,False,False,True,False,False,False
COHR,Coherent Corp,Technology,Scientific & Technical Instruments,68.44B,3,5,"2026-04-20, 2026-04-21, 2026-04-22",6.2,384.1,1,52 Week High,70.0,110.0,102,Uptrend,30,False,33.5,False,False,False,True,False,False,False
TT,Trane Technologies plc,Industrials,Building Products & Equipment,107.46B,3,5,"2026-04-21, 2026-04-22, 2026-04-23",2.6,15.3,1,52 Week High,70.0,110.0,84,Uptrend,30,False,7.6,False,False,False,True,False,False,False
ANAB,AnaptysBio Inc,Healthcare,Biotechnology,1.69B,2,5,"2026-04-20, 2026-04-24",10.4,94.3,2,"10% Change, Power Move",80.0,110.0,80,Uptrend,30,False,-14.7,False,False,False,False,False,False,False
MOVE,Corvex Inc,Technology,Software - Infrastructure,32.32M,4,5,"2026-04-20, 2026-04-21, 2026-04-22, 2026-04-23",11.6,56.0,1,Growth,90.0,105.0,57,Uptrend,15,False,60.2,False,False,False,False,False,False,False
NTST,Netstreit Corp,Real Estate,REIT - Retail,2.01B,3,5,"2026-04-22, 2026-04-23, 2026-04-24",2.2,184.7,1,Growth,70.0,100.0,88,Uptrend,30,False,4.1,False,False,False,False,False,False,False
UAMY,United States Antimony Corp,Basic Materials,Other Industrial Metals & Mining,1.52B,3,5,"2026-04-20, 2026-04-21, 2026-04-22",9.4,-115.6,1,Growth,70.0,100.0,68,Uptrend,30,False,18.1,False,False,False,False,False,False,False
EBC,Eastern Bankshares Inc,Financial,Banks - Regional,4.80B,3,5,"2026-04-20, 2026-04-21, 2026-04-23",2.5,-38.3,1,Growth,70.0,100.0,86,Uptrend,30,False,4.3,False,False,False,False,False,False,False
LPTH,Lightpath Technologies Inc,Technology,Electronic Components,928.53M,1,5,2026-04-24,7.9,-119.8,2,"52 Week High, Power Move",60.0,100.0,73,Uptrend,30,False,34.3,False,False,False,True,False,False,False
INTC,Intel Corp,Technology,Semiconductors,414.43B,1,5,2026-04-24,5.2,98.2,2,"52 Week High, Power Move",60.0,100.0,107,Uptrend,30,False,61.7,False,False,False,True,False,False,False
ZVRA,Zevra Therapeutics Inc,Healthcare,Biotechnology,595.88M,5,5,"2026-04-20, 2026-04-21, 2026-04-22, 2026-04-23, 2026-04-24",4.4,167.3,1,Growth,110.0,100.0,16,Basing,-10,True,15.4,False,False,False,False,False,False,False
RDW,Redwire Corp,Industrials,Aerospace & Defense,2.29B,1,5,2026-04-22,8.2,-1.6,3,"10% Change, Growth, Power Move",70.0,100.0,72,Transitional,10,False,28.9,False,False,True,False,False,False,False
FAF,First American Financial Corp,Financial,Insurance - Specialty,6.80B,3,5,"2026-04-20, 2026-04-21, 2026-04-22",2.6,379.8,1,Growth,70.0,100.0,88,Uptrend,30,False,3.2,False,False,False,False,False,False,False
SHAK,Shake Shack Inc,Consumer Cyclical,Restaurants,4.40B,5,5,"2026-04-20, 2026-04-21, 2026-04-22, 2026-04-23, 2026-04-24",4.5,342.1,1,Growth,110.0,100.0,31,Basing,-10,True,12.2,False,False,False,False,False,False,False
TAL,TAL Education Group ADR,Consumer Defensive,Education & Training Services,5.51B,3,5,"2026-04-20, 2026-04-21, 2026-04-22",3.8,149.5,1,Growth,70.0,100.0,93,Uptrend,30,False,9.7,False,False,False,False,False,False,False
XP,XP Inc,Financial,Capital Markets,10.74B,3,5,"2026-04-20, 2026-04-21, 2026-04-22",4.7,13.5,1,Growth,70.0,100.0,84,Uptrend,30,False,4.5,False,False,False,False,False,False,False
FRO,Frontline Plc,Energy,Oil & Gas Midstream,7.92B,3,5,"2026-04-20, 2026-04-21, 2026-04-24",5.0,-23.5,1,Growth,70.0,100.0,86,Uptrend,30,False,8.5,False,False,False,False,False,False,False
VSAT,Viasat Inc,Technology,Communication Equipment,8.49B,2,5,"2026-04-20, 2026-04-21",5.4,20.8,1,52 Week High,50.0,90.0,80,Uptrend,30,False,30.1,False,False,False,True,False,False,False
ROMA,Roma Green Finance Ltd,Industrials,Consulting Services,357.38M,1,5,2026-04-20,19.3,42.8,2,"10% Change, Power Move",60.0,90.0,70,Uptrend,30,True,44.9,False,False,False,False,False,False,False
VSTS,Vestis Corp,Industrials,Rental & Leasing Services,1.33B,2,5,"2026-04-20, 2026-04-21",3.8,-596.5,1,52 Week High,50.0,90.0,60,Uptrend,30,False,27.6,False,False,False,True,False,False,False
FDX,Fedex Corp,Industrials,Integrated Freight & Logistics,94.15B,2,5,"2026-04-20, 2026-04-21",2.5,17.6,1,52 Week High,50.0,90.0,83,Uptrend,30,False,6.9,False,False,False,True,False,False,False
FR,First Industrial Realty Trust Inc,Real Estate,REIT - Industrial,8.63B,2,5,"2026-04-20, 2026-04-21",2.1,-14.0,1,52 Week High,50.0,90.0,68,Uptrend,30,False,6.7,False,False,False,True,False,False,False
HPE,Hewlett Packard Enterprise Co,Technology,Communication Equipment,38.16B,2,5,"2026-04-20, 2026-04-21",3.7,-108.6,1,52 Week High,50.0,90.0,67,Uptrend,30,False,21.1,False,False,False,True,False,False,False
HST,Host Hotels & Resorts Inc,Real Estate,REIT - Hotel & Motel,14.53B,2,5,"2026-04-20, 2026-04-21",2.5,11.4,1,52 Week High,50.0,90.0,80,Uptrend,30,False,8.5,False,False,False,True,False,False,False
IAC,IAC Inc,Communication Services,Internet Content & Information,3.35B,2,5,"2026-04-20, 2026-04-21",2.5,80.3,1,52 Week High,50.0,90.0,76,Uptrend,30,False,17.4,False,False,False,True,False,False,False
IRM,Iron Mountain Inc,Real Estate,REIT - Specialty,35.05B,2,5,"2026-04-20, 2026-04-21",2.6,-20.4,1,52 Week High,50.0,90.0,74,Uptrend,30,False,13.0,False,False,False,True,False,False,False
JBHT,J.B. Hunt Transport Services Inc,Industrials,Integrated Freight & Logistics,23.75B,2,5,"2026-04-20, 2026-04-21",3.1,10.3,1,52 Week High,50.0,90.0,80,Uptrend,30,False,14.7,False,False,False,True,False,False,False
NSA,National Storage Affiliates Trust,Real Estate,REIT - Industrial,5.80B,2,5,"2026-04-20, 2026-04-21",2.6,-40.2,1,52 Week High,50.0,90.0,81,Uptrend,30,False,19.6,False,False,False,True,False,False,False
SPG,Simon Property Group Inc,Real Estate,REIT - Retail,66.52B,2,5,"2026-04-20, 2026-04-21",1.8,-25.2,1,52 Week High,50.0,90.0,77,Uptrend,30,False,6.7,False,False,False,True,False,False,False
NSC,Norfolk Southern Corp,Industrials,Railroads,78.27B,2,5,"2026-04-23, 2026-04-24",2.0,10.2,1,52 Week High,50.0,90.0,83,Uptrend,30,False,7.1,False,False,False,True,False,False,False
TGT,Target Corp,Consumer Defensive,Discount Stores,59.82B,2,5,"2026-04-20, 2026-04-21",2.6,-8.2,1,52 Week High,50.0,90.0,79,Uptrend,30,False,10.2,False,False,False,True,False,False,False
STT,State Street Corp,Financial,Asset Management,42.80B,2,5,"2026-04-20, 2026-04-21",2.5,14.4,1,52 Week High,50.0,90.0,75,Uptrend,30,False,16.2,False,False,False,True,False,False,False
TNGX,Tango Therapeutics Inc,Healthcare,Biotechnology,3.96B,2,5,"2026-04-20, 2026-04-21",5.3,28.1,1,52 Week High,50.0,90.0,65,Uptrend,30,False,52.4,False,False,False,True,False,False,False
CM,Canadian Imperial Bank Of Commerce,Financial,Banks - Diversified,100.57B,2,5,"2026-04-20, 2026-04-21",1.8,23.8,1,52 Week High,50.0,90.0,78,Uptrend,30,False,11.1,False,False,False,True,False,False,False
EBAY,EBay Inc,Consumer Cyclical,Internet Retail,47.22B,2,5,"2026-04-20, 2026-04-21",2.8,10.3,1,52 Week High,50.0,90.0,66,Uptrend,30,False,17.8,False,False,False,True,False,False,False
FLG,Flagstar Bank NA,Financial,Banks - Regional,5.84B,2,5,"2026-04-20, 2026-04-24",3.1,86.5,1,52 Week High,50.0,90.0,99,Uptrend,30,False,10.8,False,False,False,True,False,False,False
DBRG,DigitalBridge Group Inc,Financial,Asset Management,2.94B,2,5,"2026-04-21, 2026-04-22",0.3,813.1,1,52 Week High,50.0,90.0,84,Uptrend,30,False,1.1,False,False,False,True,False,False,False
KOD,Kodiak Sciences Inc,Healthcare,Biotechnology,2.79B,2,5,"2026-04-20, 2026-04-22",8.0,-29.0,1,52 Week High,50.0,90.0,72,Uptrend,30,False,53.9,False,False,False,True,False,False,False
SEI,Solaris Energy Infrastructure Inc,Energy,Oil & Gas Equipment & Services,5.19B,2,5,"2026-04-23, 2026-04-24",6.1,44.5,1,52 Week High,50.0,90.0,65,Uptrend,30,False,21.4,False,False,False,True,False,False,False
LUNR,Intuitive Machines Inc,Industrials,Aerospace & Defense,6.49B,2,5,"2026-04-20, 2026-04-22",8.6,84.5,1,52 Week High,50.0,90.0,71,Uptrend,30,False,41.0,False,False,False,True,False,False,False
CRVS,Corvus Pharmaceuticals Inc,Healthcare,Biotechnology,1.44B,1,5,2026-04-21,6.6,83.1,2,"10% Change, Power Move",60.0,90.0,75,Uptrend,30,True,6.3,False,False,False,False,False,False,False
NN,NextNav Inc,Technology,Software - Infrastructure,3.06B,2,5,"2026-04-20, 2026-04-21",6.2,-67.4,2,"52 Week High, Week 20%+ Gain",80.0,90.0,24,Transitional,-20,True,36.3,True,False,False,False,False,False,False
UMC,United Micro Electronics ADR,Technology,Semiconductors,31.97B,2,5,"2026-04-20, 2026-04-22",3.7,-8.5,1,52 Week High,50.0,90.0,85,Uptrend,30,False,29.0,False,False,False,True,False,False,False
TWLO,Twilio Inc,Technology,Software - Infrastructure,22.80B,2,5,"2026-04-21, 2026-04-22",4.5,134.5,1,52 Week High,50.0,90.0,78,Uptrend,30,False,17.3,False,False,False,True,False,False,False
WULF,TeraWulf Inc,Financial,Capital Markets,9.83B,2,5,"2026-04-20, 2026-04-23",7.1,-719.0,1,52 Week High,50.0,90.0,62,Uptrend,30,False,25.8,False,False,False,True,False,False,False
OPTX,Syntec Optics Holdings Inc,Technology,Electronic Components,406.56M,1,5,2026-04-22,11.7,28.1,2,"10% Change, Power Move",60.0,90.0,77,Uptrend,30,True,42.5,False,False,False,False,False,False,False
ABNB,Airbnb Inc,Consumer Cyclical,Travel Services,87.76B,2,5,"2026-04-21, 2026-04-22",3.2,-2.2,1,52 Week High,50.0,90.0,79,Uptrend,30,False,10.0,False,False,False,True,False,False,False
DOCN,DigitalOcean Holdings Inc,Technology,Software - Infrastructure,9.81B,2,5,"2026-04-21, 2026-04-23",7.9,208.2,1,52 Week High,50.0,90.0,74,Uptrend,30,False,29.3,False,False,False,True,False,False,False
CAT,Caterpillar Inc,Industrials,Farm & Heavy Construction Machinery,388.63B,2,5,"2026-04-21, 2026-04-23",3.0,-14.8,1,52 Week High,50.0,90.0,80,Uptrend,30,False,8.5,False,False,False,True,False,False,False
OII,Oceaneering International Inc,Energy,Oil & Gas Equipment & Services,3.78B,2,5,"2026-04-22, 2026-04-23",5.1,142.8,1,52 Week High,50.0,90.0,95,Uptrend,30,False,8.1,False,False,False,True,False,False,False
AMAT,Applied Materials Inc,Technology,Semiconductor Equipment & Materials,330.97B,2,5,"2026-04-23, 2026-04-24",3.5,27.5,1,52 Week High,50.0,90.0,94,Uptrend,30,False,10.8,False,False,False,True,False,False,False
IHRT,iHeartMedia Inc,Communication Services,Broadcasting,745.14M,1,5,2026-04-24,5.7,53.8,2,"10% Change, Power Move",60.0,90.0,74,Uptrend,30,False,64.2,False,False,False,False,False,False,False
RBRK,Rubrik Inc,Technology,Software - Infrastructure,10.76B,5,5,"2026-04-20, 2026-04-21, 2026-04-22, 2026-04-23, 2026-04-24",6.5,72.4,1,IPO,110.0,85.0,7,Downtrend,-40,False,3.6,False,True,False,False,False,False,False
RDDT,Reddit Inc,Communication Services,Internet Content & Information,29.59B,5,5,"2026-04-20, 2026-04-21, 2026-04-22, 2026-04-23, 2026-04-24",5.5,193.1,1,IPO,110.0,85.0,12,Downtrend,-40,False,16.9,False,True,False,False,False,False,False
SOLV,Solventum Corp,Healthcare,Medical Instruments & Supplies,11.88B,5,5,"2026-04-20, 2026-04-21, 2026-04-22, 2026-04-23, 2026-04-24",2.7,223.2,1,IPO,110.0,85.0,9,Downtrend,-40,False,0.6,False,True,False,False,False,False,False
NTLA,Intellia Therapeutics Inc,Healthcare,Biotechnology,1.96B,3,5,"2026-04-20, 2026-04-21, 2026-04-22",5.7,27.1,1,Growth,70.0,85.0,58,Uptrend,15,False,14.5,False,False,False,False,False,False,False
TEM,Tempus AI Inc,Healthcare,Health Information Services,9.35B,5,5,"2026-04-20, 2026-04-21, 2026-04-22, 2026-04-23, 2026-04-24",6.8,70.4,1,IPO,110.0,85.0,1,Downtrend,-40,False,11.1,False,True,False,False,False,False,False
WAY,Waystar Holding Corp,Healthcare,Health Information Services,4.87B,5,5,"2026-04-20, 2026-04-21, 2026-04-22, 2026-04-23, 2026-04-24",5.1,631.6,1,IPO,110.0,85.0,4,Downtrend,-40,False,9.5,False,True,False,False,False,False,False
BIRK,Birkenstock Holding Plc,Consumer Cyclical,Footwear & Accessories,7.25B,5,5,"2026-04-20, 2026-04-21, 2026-04-22, 2026-04-23, 2026-04-24",4.6,81.4,1,IPO,110.0,85.0,-2,Downtrend,-40,False,9.7,False,True,False,False,False,False,False
PONY,Pony AI Inc ADR,Technology,Information Technology Services,3.77B,5,5,"2026-04-20, 2026-04-21, 2026-04-22, 2026-04-23, 2026-04-24",7.2,52.7,1,IPO,110.0,85.0,0,Downtrend,-40,False,-3.1,False,True,False,False,False,False,False
KVYO,Klaviyo Inc,Technology,Software - Application,5.93B,5,5,"2026-04-20, 2026-04-21, 2026-04-22, 2026-04-23, 2026-04-24",6.6,33.5,1,IPO,110.0,85.0,3,Downtrend,-40,False,8.3,False,True,False,False,False,False,False
LINE,Lineage Inc,Real Estate,REIT - Industrial,8.43B,5,5,"2026-04-20, 2026-04-21, 2026-04-22, 2026-04-23, 2026-04-24",3.8,86.6,1,IPO,110.0,85.0,0,Downtrend,-40,False,1.9,False,True,False,False,False,False,False
GRAL,GRAIL Inc,Healthcare,Diagnostics & Research,2.23B,5,5,"2026-04-20, 2026-04-21, 2026-04-22, 2026-04-23, 2026-04-24",7.7,82.7,1,IPO,110.0,85.0,1,Downtrend,-40,False,-13.0,False,True,False,False,False,False,False
PALI,Palisade Bio Inc,Healthcare,Biotechnology,464.48M,1,5,2026-04-21,6.8,88.6,1,Week 20%+ Gain,30.0,85.0,75,Uptrend,30,False,47.0,False,False,False,False,True,False,False
LIF,Life360 Inc,Technology,Software - Application,3.67B,5,5,"2026-04-20, 2026-04-21, 2026-04-22, 2026-04-23, 2026-04-24",6.7,2484.4,1,IPO,110.0,85.0,12,Downtrend,-40,False,7.7,False,True,False,False,False,False,False
HBM,Hudbay Minerals Inc,Basic Materials,Copper,9.80B,2,5,"2026-04-20, 2026-04-22",5.0,622.3,1,Growth,50.0,80.0,91,Uptrend,30,False,5.8,False,False,False,False,False,False,False
ATAT,Atour Lifestyle Holdings Ltd ADR,Consumer Cyclical,Lodging,4.41B,4,5,"2026-04-21, 2026-04-22, 2026-04-23, 2026-04-24",3.9,26.9,1,Growth,90.0,80.0,19,Basing,-10,True,2.9,False,False,False,False,False,False,False
CXW,CoreCivic Inc,Industrials,Security & Protection Services,2.03B,4,5,"2026-04-20, 2026-04-21, 2026-04-22, 2026-04-24",3.2,74.8,1,Growth,90.0,80.0,18,Basing,-10,True,8.8,False,False,False,False,False,False,False
TSHA,Taysha Gene Therapies Inc,Healthcare,Biotechnology,1.79B,2,5,"2026-04-20, 2026-04-21",5.9,5.4,1,Week 20%+ Gain,50.0,80.0,66,Uptrend,30,False,38.3,False,False,False,False,False,False,False
INDV,Indivior Pharmaceuticals Inc,Healthcare,Drug Manufacturers - Specialty & Generic,4.05B,2,5,"2026-04-22, 2026-04-24",4.1,751.8,1,Growth,50.0,80.0,91,Uptrend,30,False,4.7,False,False,False,False,False,False,False
GSIT,GSI Technology Inc,Technology,Semiconductors,283.34M,2,5,"2026-04-22, 2026-04-24",8.3,27.2,1,Power Move,50.0,80.0,71,Uptrend,30,False,11.7,False,False,False,False,False,False,False
AUB,Atlantic Union Bankshares Corp,Financial,Banks - Regional,5.37B,2,5,"2026-04-20, 2026-04-21",2.7,-11.2,1,Growth,50.0,80.0,86,Uptrend,30,False,3.9,False,False,False,False,False,False,False
EDSA,Edesa Biotech Inc,Healthcare,Biotechnology,63.86M,2,5,"2026-04-20, 2026-04-21",12.9,39.0,1,Power Move,50.0,80.0,68,Uptrend,30,False,50.1,False,False,False,False,False,False,False
MUX,McEwen Inc,Basic Materials,Other Precious Metals & Mining,1.47B,2,5,"2026-04-20, 2026-04-22",5.5,172.1,1,Growth,50.0,80.0,85,Uptrend,30,False,8.8,False,False,False,False,False,False,False
WPM,Wheaton Precious Metals Corp,Basic Materials,Gold,65.72B,2,5,"2026-04-20, 2026-04-22",4.2,177.8,1,Growth,50.0,80.0,99,Uptrend,30,False,5.2,False,False,False,False,False,False,False
HAS,Hasbro Inc,Consumer Cyclical,Leisure,13.38B,2,5,"2026-04-23, 2026-04-24",3.6,-183.1,1,Growth,50.0,80.0,96,Uptrend,30,False,1.6,False,False,False,False,False,False,False
PRM,Perimeter Solutions Inc,Basic Materials,Specialty Chemicals,4.62B,2,5,"2026-04-22, 2026-04-23",3.5,-2550.8,1,52 Week High,50.0,75.0,56,Uptrend,15,False,23.9,False,False,False,True,False,False,False
YOU,Clear Secure Inc,Technology,Software - Application,7.78B,2,5,"2026-04-20, 2026-04-21",4.9,-36.3,1,52 Week High,50.0,75.0,54,Uptrend,15,False,25.6,False,False,False,True,False,False,False
BKSY,BlackSky Technology Inc,Industrials,Specialty Business Services,1.51B,2,5,"2026-04-21, 2026-04-22",9.1,30.0,1,52 Week High,50.0,75.0,54,Uptrend,15,False,48.3,False,False,False,True,False,False,False
SMTC,Semtech Corp,Technology,Semiconductors,10.21B,1,5,2026-04-24,5.6,82.9,1,52 Week High,30.0,70.0,74,Uptrend,30,False,25.7,False,False,False,True,False,False,False
BK,Bank Of New York Mellon Corp,Financial,Banks - Diversified,94.67B,1,5,2026-04-21,2.0,31.7,1,52 Week High,30.0,70.0,75,Uptrend,30,False,14.0,False,False,False,True,False,False,False
ZWS,Zurn Elkay Water Solutions Corp,Industrials,Pollution & Treatment Controls,8.80B,1,5,2026-04-23,3.1,28.1,1,52 Week High,30.0,70.0,62,Uptrend,30,False,10.2,False,False,False,True,False,False,False
VLY,Valley National Bancorp,Financial,Banks - Regional,7.63B,1,5,2026-04-23,2.8,46.5,1,52 Week High,30.0,70.0,78,Uptrend,30,False,8.7,False,False,False,True,False,False,False
UNP,Union Pacific Corp,Industrials,Railroads,159.52B,1,5,2026-04-24,2.2,8.1,1,52 Week High,30.0,70.0,76,Uptrend,30,False,6.6,False,False,False,True,False,False,False
PENG,Penguin Solutions Inc,Technology,Information Technology Services,1.56B,1,5,2026-04-24,4.3,543.2,2,"52 Week High, Power Move",60.0,70.0,47,Transitional,0,True,48.7,False,False,False,True,False,False,False
DFTX,Definium Therapeutics Inc,Healthcare,Biotechnology,2.31B,1,5,2026-04-20,5.6,-14.5,1,52 Week High,30.0,70.0,77,Uptrend,30,False,23.8,False,False,False,True,False,False,False
FCX,Freeport-McMoRan Inc,Basic Materials,Copper,100.86B,1,5,2026-04-20,3.6,16.8,1,52 Week High,30.0,70.0,90,Uptrend,30,False,12.7,False,False,False,True,False,False,False
BRX,Brixmor Property Group Inc,Real Estate,REIT - Retail,9.50B,1,5,2026-04-20,1.6,12.3,1,52 Week High,30.0,70.0,78,Uptrend,30,False,4.9,False,False,False,True,False,False,False
BNL,Broadstone Net Lease Inc,Real Estate,REIT - Diversified,3.89B,1,5,2026-04-20,2.0,-41.1,1,52 Week High,30.0,70.0,77,Uptrend,30,False,5.4,False,False,False,True,False,False,False
HXL,Hexcel Corp,Industrials,Aerospace & Defense,6.89B,1,5,2026-04-23,4.0,-13.4,1,52 Week High,30.0,70.0,87,Uptrend,30,False,6.9,False,False,False,True,False,False,False
KIM,Kimco Realty Corp,Real Estate,REIT - Retail,16.22B,1,5,2026-04-20,1.7,48.1,1,52 Week High,30.0,70.0,80,Uptrend,30,False,4.8,False,False,False,True,False,False,False
MCHP,Microchip Technology Inc,Technology,Semiconductors,49.05B,1,5,2026-04-23,3.4,-150.0,1,52 Week High,30.0,70.0,85,Uptrend,30,False,27.5,False,False,False,True,False,False,False
FLY,Firefly Aerospace Inc,Industrials,Aerospace & Defense,6.16B,4,5,"2026-04-20, 2026-04-21, 2026-04-22, 2026-04-23",10.1,-22.5,1,Growth,90.0,70.0,36,Transitional,-20,True,63.0,False,False,False,False,False,False,False
OUT,Outfront Media Inc,Real Estate,REIT - Specialty,5.32B,1,5,2026-04-21,2.5,-47.0,1,52 Week High,30.0,70.0,72,Uptrend,30,False,10.1,False,False,False,True,False,False,False
PSA,Public Storage,Real Estate,REIT - Industrial,54.12B,1,5,2026-04-21,2.3,-15.4,1,52 Week High,30.0,70.0,79,Uptrend,30,False,5.3,False,False,False,True,False,False,False
STAG,STAG Industrial Inc,Real Estate,REIT - Industrial,7.63B,1,5,2026-04-20,1.8,41.0,1,52 Week High,30.0,70.0,78,Uptrend,30,False,4.7,False,False,False,True,False,False,False
TRVI,Trevi Therapeutics Inc,Healthcare,Biotechnology,1.98B,1,5,2026-04-20,5.9,31.8,1,52 Week High,30.0,70.0,65,Uptrend,30,False,29.2,False,False,False,True,False,False,False
VFC,VF Corp,Consumer Cyclical,Apparel Manufacturing,8.41B,1,5,2026-04-21,3.9,168.4,1,52 Week High,30.0,70.0,80,Uptrend,30,False,16.7,False,False,False,True,False,False,False
TPH,Tri Pointe Homes Inc,Consumer Cyclical,Residential Construction,3.99B,1,5,2026-04-21,0.4,-44.0,1,52 Week High,30.0,70.0,64,Uptrend,30,False,2.6,False,False,False,True,False,False,False
MAR,Marriott International Inc,Consumer Cyclical,Lodging,99.47B,1,5,2026-04-21,2.5,14.0,1,52 Week High,30.0,70.0,81,Uptrend,30,False,10.3,False,False,False,True,False,False,False
NTRS,Northern Trust Corp,Financial,Asset Management,31.83B,1,5,2026-04-21,2.5,-10.3,1,52 Week High,30.0,70.0,76,Uptrend,30,False,18.6,False,False,False,True,False,False,False
HPP,Hudson Pacific Properties Inc,Real Estate,REIT - Office,457.72M,2,5,"2026-04-20, 2026-04-21",6.4,28.0,3,"10% Change, Power Move, Week 20%+ Gain",90.0,70.0,-10,Downtrend,-40,False,30.8,False,False,True,False,False,False,False
PEB,Pebblebrook Hotel Trust,Real Estate,REIT - Hotel & Motel,1.58B,1,5,2026-04-21,2.9,-128.6,1,52 Week High,30.0,70.0,67,Uptrend,30,False,8.8,False,False,False,True,False,False,False
LEGN,Legend Biotech Corp ADR,Healthcare,Biotechnology,4.66B,2,5,"2026-04-20, 2026-04-21",5.2,-66.8,3,"10% Change, Power Move, Week 20%+ Gain",90.0,70.0,-3,Downtrend,-40,False,34.7,False,False,True,False,False,False,False
MGM,MGM Resorts International,Consumer Cyclical,Resorts & Casinos,10.01B,1,5,2026-04-21,3.7,-68.2,1,52 Week High,30.0,70.0,88,Uptrend,30,False,6.7,False,False,False,True,False,False,False
C,Citigroup Inc,Financial,Banks - Diversified,225.82B,1,5,2026-04-21,2.8,27.8,1,52 Week High,30.0,70.0,92,Uptrend,30,False,14.2,False,False,False,True,False,False,False
SATS,EchoStar Corp,Communication Services,Telecom Services,39.03B,1,5,2026-04-20,4.8,-9888.7,1,52 Week High,30.0,70.0,77,Uptrend,30,False,16.5,False,False,False,True,False,False,False
RNG,RingCentral Inc,Technology,Software - Application,3.48B,1,5,2026-04-21,5.4,178.4,1,52 Week High,30.0,70.0,89,Uptrend,30,False,13.6,False,False,False,True,False,False,False
BBGI,Beasley Broadcast Group Inc,Communication Services,Broadcasting,40.46M,2,5,"2026-04-22, 2026-04-23",14.0,-2862.4,1,Power Move,50.0,65.0,55,Uptrend,15,False,219.8,False,False,False,False,False,False,False
SAIL,Sailpoint Inc,Technology,Software - Infrastructure,6.92B,3,5,"2026-04-20, 2026-04-21, 2026-04-22",7.2,55.7,1,IPO,70.0,65.0,14,Transitional,-20,False,-10.7,False,True,False,False,False,False,False
WTI,W & T Offshore Inc,Energy,Oil & Gas E&P,568.34M,2,5,"2026-04-22, 2026-04-24",8.5,-70.8,1,Week 20%+ Gain,50.0,65.0,59,Uptrend,15,False,32.7,False,False,False,False,False,False,False
MLI,Mueller Industries Inc,Industrials,Metal Fabrication,14.89B,1,5,2026-04-21,3.0,28.8,1,Power Move,30.0,60.0,90,Uptrend,30,False,16.0,False,False,False,False,False,False,False
NKTR,Nektar Therapeutics,Healthcare,Biotechnology,2.88B,1,5,2026-04-20,5.6,-17.1,1,Power Move,30.0,60.0,77,Uptrend,30,False,39.3,False,False,False,False,False,False,False
VICR,Vicor Corp,Technology,Electronic Components,11.17B,1,5,2026-04-21,6.9,1908.6,1,10% Change,30.0,60.0,97,Uptrend,30,False,37.6,False,False,False,False,False,False,False
RCUS,Arcus Biosciences Inc,Healthcare,Biotechnology,3.07B,1,5,2026-04-21,5.8,-6.5,1,10% Change,30.0,60.0,98,Uptrend,30,False,12.6,False,False,False,False,False,False,False
KYTX,Kyverna Therapeutics Inc,Healthcare,Biotechnology,679.95M,1,5,2026-04-20,6.1,-5.7,1,Power Move,30.0,60.0,77,Uptrend,30,False,32.5,False,False,False,False,False,False,False
ACLS,Axcelis Technologies Inc,Technology,Semiconductor Equipment & Materials,4.03B,1,5,2026-04-20,4.4,-38.3,1,Power Move,30.0,60.0,61,Uptrend,30,False,41.1,False,False,False,False,False,False,False
BBIO,BridgeBio Pharma Inc,Healthcare,Biotechnology,14.87B,1,5,2026-04-20,3.8,-32.9,1,Growth,30.0,60.0,84,Uptrend,30,False,7.5,False,False,False,False,False,False,False
PAAS,Pan American Silver Corp,Basic Materials,Gold,24.76B,1,5,2026-04-20,4.5,714.1,1,Growth,30.0,60.0,97,Uptrend,30,False,1.7,False,False,False,False,False,False,False
AU,AngloGold Ashanti Plc,Basic Materials,Gold,53.78B,1,5,2026-04-20,4.8,124.1,1,Growth,30.0,60.0,100,Uptrend,30,False,1.4,False,False,False,False,False,False,False
ROKU,Roku Inc,Communication Services,Entertainment,16.82B,2,5,"2026-04-20, 2026-04-21",4.1,166.5,1,52 Week High,50.0,60.0,44,Transitional,0,True,23.7,False,False,False,True,False,False,False
MRAM,Everspin Technologies Inc,Technology,Semiconductors,327.76M,1,5,2026-04-24,5.2,-181.9,1,Power Move,30.0,60.0,80,Uptrend,30,False,36.0,False,False,False,False,False,False,False
PTEN,Patterson-UTI Energy Inc,Energy,Oil & Gas Drilling,4.23B,1,5,2026-04-23,5.8,90.2,1,10% Change,30.0,60.0,93,Uptrend,30,False,13.9,False,False,False,False,False,False,False
GBCI,Glacier Bancorp Inc,Financial,Banks - Regional,6.34B,1,5,2026-04-24,2.6,18.9,1,Growth,30.0,60.0,81,Uptrend,30,False,4.7,False,False,False,False,False,False,False
OBE,Obsidian Energy Ltd,Energy,Oil & Gas E&P,787.53M,1,5,2026-04-21,4.7,118.2,1,Power Move,30.0,60.0,78,Uptrend,30,False,34.7,False,False,False,False,False,False,False
RCI,Rogers Communications Inc,Communication Services,Telecom Services,20.25B,1,5,2026-04-22,2.9,291.0,1,Power Move,30.0,60.0,99,Uptrend,30,False,-0.1,False,False,False,False,False,False,False
ROLR,High Roller Technologies Inc,Consumer Cyclical,Gambling,92.57M,1,5,2026-04-22,13.3,156.8,1,Power Move,30.0,60.0,78,Uptrend,30,False,87.2,False,False,False,False,False,False,False
HCSG,Healthcare Services Group Inc,Healthcare,Medical Care Facilities,1.58B,1,5,2026-04-22,4.2,54.9,1,Power Move,30.0,60.0,76,Uptrend,30,False,14.5,False,False,False,False,False,False,False
SHMD,SCHMID Group NV,Industrials,Specialty Industrial Machinery,339.35M,1,5,2026-04-24,12.2,-274.1,1,Power Move,30.0,60.0,68,Uptrend,30,False,6.9,False,False,False,False,False,False,False
SYNA,Synaptics Inc,Technology,Semiconductors,3.64B,1,5,2026-04-24,4.7,-137.2,1,Power Move,30.0,60.0,79,Uptrend,30,False,20.6,False,False,False,False,False,False,False
PVH,PVH Corp,Consumer Cyclical,Apparel Manufacturing,4.28B,3,5,"2026-04-20, 2026-04-21, 2026-04-22",4.1,-96.1,1,52 Week High,70.0,60.0,21,Transitional,-20,True,37.0,False,False,False,True,False,False,False
UUUU,Energy Fuels Inc,Energy,Uranium,5.47B,1,5,2026-04-22,6.8,-38.4,1,Power Move,30.0,60.0,73,Uptrend,30,False,13.8,False,False,False,False,False,False,False
AMZN,Amazon.com Inc,Consumer Cyclical,Internet Retail,2839.01B,2,5,"2026-04-23, 2026-04-24",2.5,29.0,1,52 Week High,50.0,60.0,45,Transitional,0,True,17.3,False,False,False,True,False,False,False
TRT,Trio-Tech International,Technology,Semiconductor Equipment & Materials,144.54M,1,5,2026-04-24,9.9,-129.9,1,Power Move,30.0,60.0,60,Uptrend,30,False,164.7,False,False,False,False,False,False,False
ALMU,Aeluma Inc,Technology,Semiconductors,381.48M,1,5,2026-04-22,10.2,70.8,2,"10% Change, Power Move",60.0,60.0,52,Transitional,0,False,41.2,False,False,False,False,False,False,False
BEAM,Beam Therapeutics Inc,Healthcare,Biotechnology,3.23B,1,5,2026-04-22,5.0,78.8,1,Growth,30.0,60.0,91,Uptrend,30,False,17.8,False,False,False,False,False,False,False
PUMP,ProPetro Holding Corp,Energy,Oil & Gas Equipment & Services,2.05B,1,5,2026-04-23,4.9,100.6,1,10% Change,30.0,60.0,70,Uptrend,30,True,25.3,False,False,False,False,False,False,False
SEDG,Solaredge Technologies Inc,Technology,Solar,2.88B,1,5,2026-04-23,8.0,78.0,1,Power Move,30.0,60.0,75,Uptrend,30,False,13.9,False,False,False,False,False,False,False
DTE,DTE Energy Co,Utilities,Utilities - Regulated Electric,30.66B,1,5,2026-04-23,1.7,4.0,1,Growth,30.0,60.0,85,Uptrend,30,False,0.7,False,False,False,False,False,False,False
BW,Babcock & Wilcox Enterprises Inc,Industrials,Specialty Industrial Machinery,2.25B,1,5,2026-04-20,8.6,38.8,1,Growth,30.0,60.0,86,Uptrend,30,False,25.6,False,False,False,False,False,False,False
CTRE,CareTrust REIT Inc,Real Estate,REIT - Healthcare Facilities,8.80B,1,5,2026-04-20,2.3,98.5,1,Growth,30.0,60.0,83,Uptrend,30,False,0.5,False,False,False,False,False,False,False
AGI,Alamos Gold Inc,Basic Materials,Gold,20.56B,1,5,2026-04-20,4.1,204.0,1,Growth,30.0,60.0,96,Uptrend,30,False,5.2,False,False,False,False,False,False,False
AEM,Agnico Eagle Mines Ltd,Basic Materials,Gold,108.41B,1,5,2026-04-20,3.9,134.6,1,Growth,30.0,60.0,105,Uptrend,30,False,0.8,False,False,False,False,False,False,False
KGC,Kinross Gold Corp,Basic Materials,Gold,41.56B,1,5,2026-04-20,3.9,154.3,1,Growth,30.0,60.0,94,Uptrend,30,False,6.8,False,False,False,False,False,False,False
APLD,Applied Digital Corp,Technology,Information Technology Services,10.39B,1,5,2026-04-23,7.2,46.3,1,Power Move,30.0,60.0,84,Uptrend,30,False,27.4,False,False,False,False,False,False,False
LBRT,Liberty Energy Inc,Energy,Oil & Gas Equipment & Services,5.24B,1,5,2026-04-23,5.1,-52.2,1,10% Change,30.0,60.0,63,Uptrend,30,False,14.1,False,False,False,False,False,False,False
SSRM,SSR Mining Inc,Basic Materials,Gold,6.54B,1,5,2026-04-20,5.8,251.1,1,Growth,30.0,60.0,86,Uptrend,30,False,9.2,False,False,False,False,False,False,False
OR,OR Royalties Inc,Basic Materials,Gold,8.01B,1,5,2026-04-20,4.2,1155.9,1,Growth,30.0,60.0,86,Uptrend,30,False,4.5,False,False,False,False,False,False,False
COLB,Columbia Banking System Inc,Financial,Banks - Regional,8.47B,1,5,2026-04-24,2.6,-11.3,1,Growth,30.0,60.0,85,Uptrend,30,False,2.5,False,False,False,False,False,False,False
AVNS,Avanos Medical Inc,Healthcare,Medical Devices,1.15B,1,5,2026-04-24,2.7,81.5,1,52 Week High,30.0,55.0,57,Uptrend,15,False,55.0,False,False,False,True,False,False,False
CLDX,Celldex Therapeutics Inc,Healthcare,Biotechnology,2.70B,1,5,2026-04-20,4.4,-59.3,1,52 Week High,30.0,55.0,54,Uptrend,15,False,16.9,False,False,False,True,False,False,False
AHCO,AdaptHealth Corp,Healthcare,Medical Devices,1.74B,1,5,2026-04-24,3.6,-185.7,1,52 Week High,30.0,55.0,57,Uptrend,15,False,17.2,False,False,False,True,False,False,False
SEMR,SEMrush Holdings Inc,Technology,Software - Application,1.81B,1,5,2026-04-20,0.2,-325.2,1,52 Week High,30.0,55.0,55,Uptrend,15,False,0.8,False,False,False,True,False,False,False
PL,Planet Labs PBC,Industrials,Aerospace & Defense,13.66B,1,5,2026-04-22,8.3,-86.8,1,52 Week High,30.0,55.0,59,Uptrend,15,False,35.6,False,False,False,True,False,False,False
SMR,NuScale Power Corp,Industrials,Specialty Industrial Machinery,4.66B,2,5,"2026-04-20, 2026-04-22",8.2,-53.7,2,"10% Change, Power Move, Week 20%+ Gain",90.0,50.0,29,Downtrend,-40,False,4.2,False,False,False,False,False,False,False
PENN,PENN Entertainment Inc,Consumer Cyclical,Resorts & Casinos,2.30B,1,5,2026-04-23,4.9,-190.7,2,"10% Change, Power Move",60.0,50.0,42,Basing,-10,False,19.3,False,False,False,False,False,False,False
SWMR,Swarmer Inc,Technology,Software - Infrastructure,549.76M,1,5,2026-04-21,22.5,0.0,2,"10% Change, Power Move",60.0,50.0,25,Basing,-10,True,2.4,False,False,False,False,False,False,False
SKYQ,Sky Quarry Inc,Energy,Oil & Gas Integrated,34.31M,1,5,2026-04-20,24.6,9.7,1,Power Move,30.0,45.0,55,Uptrend,15,False,114.9,False,False,False,False,False,False,False
EGY,VAALCO Energy Inc,Energy,Oil & Gas E&P,619.29M,1,5,2026-04-21,5.6,-171.7,1,Power Move,30.0,45.0,47,Uptrend,15,False,6.5,False,False,False,False,False,False,False
KVUE,Kenvue Inc,Consumer Defensive,Household & Personal Products,33.58B,3,5,"2026-04-20, 2026-04-23, 2026-04-24",1.9,42.6,1,IPO,70.0,45.0,-2,Downtrend,-40,False,-1.9,False,True,False,False,False,False,False
IMSR,Terrestrial Energy Inc,Utilities,Utilities - Regulated Electric,877.14M,1,5,2026-04-22,,,2,"10% Change, Power Move",60.0,40.0,15,Transitional,-20,True,,False,False,False,False,False,False,False
RXO,RXO Inc,Industrials,Trucking,3.23B,2,5,"2026-04-20, 2026-04-21",5.1,72.0,1,52 Week High,50.0,40.0,26,Transitional,-20,True,30.1,False,False,False,True,False,False,False
AVEX,AEVEX Corp,Industrials,Aerospace & Defense,2.96B,1,5,2026-04-20,30.5,0.0,2,"10% Change, Power Move",60.0,40.0,30,Transitional,-20,True,10.7,False,False,False,False,False,False,False
KODK,Eastman Kodak Co,Industrials,Specialty Business Services,1.25B,2,5,"2026-04-20, 2026-04-23",5.5,-272.5,1,52 Week High,50.0,40.0,5,Transitional,-20,True,48.1,False,False,False,True,False,False,False
KNX,Knight-Swift Transportation Holdings Inc,Industrials,Trucking,10.68B,2,5,"2026-04-21, 2026-04-23",3.5,-44.0,1,52 Week High,50.0,40.0,22,Transitional,-20,True,10.2,False,False,False,True,False,False,False
SGHC,Super Group (SGHC) Limited,Consumer Cyclical,Gambling,6.07B,1,5,2026-04-20,4.6,4389.7,1,Growth,30.0,30.0,46,Transitional,0,True,15.7,False,False,False,False,False,False,False
MP,MP Materials Corp,Basic Materials,Other Industrial Metals & Mining,12.29B,1,5,2026-04-22,5.2,-26.9,1,Growth,30.0,30.0,48,Transitional,0,True,20.9,False,False,False,False,False,False,False
SYM,Symbotic Inc,Industrials,Specialty Industrial Machinery,38.07B,1,5,2026-04-22,5.4,14.3,1,Growth,30.0,30.0,45,Transitional,0,True,16.3,False,False,False,False,False,False,False
FLYW,Flywire Corp,Technology,Software - Infrastructure,1.70B,2,5,"2026-04-21, 2026-04-22",4.1,404.6,1,Growth,50.0,30.0,27,Transitional,-20,True,12.8,False,False,False,False,False,False,False
GLND,Greenland Energy Co,Energy,Oil & Gas E&P,191.20M,2,5,"2026-04-21, 2026-04-23",,,1,Power Move,50.0,30.0,0,Transitional,-20,True,,False,False,False,False,False,False,False
URI,United Rentals Inc,Industrials,Rental & Leasing Services,62.05B,1,5,2026-04-23,3.7,-0.3,1,Power Move,30.0,30.0,46,Transitional,0,True,23.9,False,False,False,False,False,False,False
AGPU,Axe Compute Inc,Technology,Software - Infrastructure,48.47M,1,5,2026-04-22,12.7,-303.5,1,Power Move,30.0,30.0,43,Transitional,0,False,230.5,False,False,False,False,False,False,False
OGN,Organon & Co,Healthcare,Drug Manufacturers - General,2.93B,1,5,2026-04-24,6.7,-78.5,1,Power Move,30.0,30.0,41,Transitional,0,False,55.8,False,False,False,False,False,False,False
BYND,Beyond Meat Inc,Consumer Defensive,Packaged Foods,509.92M,3,5,"2026-04-20, 2026-04-21, 2026-04-22",10.9,30.7,1,Week 20%+ Gain,70.0,30.0,10,Downtrend,-40,False,59.0,False,False,False,False,False,False,False
WST,West Pharmaceutical Services Inc,Healthcare,Medical Instruments & Supplies,22.32B,1,5,2026-04-23,3.2,1.2,1,Power Move,30.0,30.0,41,Transitional,0,True,23.1,False,False,False,False,False,False,False
MAS,Masco Corp,Industrials,Building Products & Equipment,15.01B,1,5,2026-04-22,3.5,2.8,1,Power Move,30.0,30.0,50,Transitional,0,True,12.0,False,False,False,False,False,False,False
MRP,Millrose Properties Inc,Real Estate,REIT - Residential,4.74B,2,5,"2026-04-20, 2026-04-21",2.6,264.4,1,IPO,50.0,25.0,-4,Downtrend,-40,False,3.4,False,True,False,False,False,False,False
LOAR,Loar Holdings Inc,Industrials,Aerospace & Defense,5.82B,2,5,"2026-04-20, 2026-04-21",5.4,213.2,1,IPO,50.0,25.0,9,Downtrend,-40,False,6.0,False,True,False,False,False,False,False
VLTO,Veralto Corp,Industrials,Pollution & Treatment Controls,22.02B,2,5,"2026-04-20, 2026-04-21",2.1,12.4,1,IPO,50.0,25.0,-7,Downtrend,-40,False,-1.2,False,True,False,False,False,False,False
VC,Visteon Corp,Consumer Cyclical,Auto Parts,2.93B,1,5,2026-04-23,3.9,-25.8,1,10% Change,30.0,20.0,26,Basing,-10,True,16.6,False,False,False,False,False,False,False
LEU,Centrus Energy Corp,Energy,Uranium,4.27B,1,5,2026-04-22,6.7,-0.5,2,"10% Change, Power Move",60.0,20.0,1,Downtrend,-40,False,9.3,False,False,False,False,False,False,False
DQ,Daqo New Energy Corp ADR,Technology,Solar,1.55B,1,5,2026-04-22,5.3,51.0,2,"10% Change, Power Move",60.0,20.0,20,Downtrend,-40,True,2.7,False,False,False,False,False,False,False
TLRY,Tilray Brands Inc,Healthcare,Drug Manufacturers - Specialty & Generic,917.24M,1,5,2026-04-22,5.8,-29.8,2,"10% Change, Power Move",60.0,20.0,22,Downtrend,-40,False,11.4,False,False,False,False,False,False,False
WIX,Wix.com Ltd,Technology,Software - Infrastructure,4.16B,1,5,2026-04-20,7.0,-64.0,2,"10% Change, Power Move",60.0,20.0,-1,Downtrend,-40,True,-4.0,False,False,False,False,False,False,False
ESI,Element Solutions Inc,Basic Materials,Specialty Chemicals,9.83B,1,5,2026-04-24,,,1,52 Week High,30.0,20.0,14,Transitional,-20,True,,False,False,False,True,False,False,False
NMAX,Newsmax Inc,Communication Services,Broadcasting,1.19B,1,5,2026-04-22,7.7,0.0,2,"10% Change, Power Move",60.0,20.0,30,Downtrend,-40,False,45.2,False,False,False,False,False,False,False
FRMI,Fermi Inc,Real Estate,REIT - Specialty,3.69B,1,5,2026-04-22,12.6,0.0,2,"10% Change, Power Move",60.0,20.0,31,Downtrend,-40,True,-22.5,False,False,False,False,False,False,False
CRWD,Crowdstrike Holdings Inc,Technology,Software - Infrastructure,118.36B,1,5,2026-04-22,4.3,-908.9,1,Growth,30.0,20.0,43,Basing,-10,True,14.2,False,False,False,False,False,False,False
IONQ,IonQ Inc,Technology,Computer Hardware,17.72B,1,5,2026-04-20,6.2,-46.0,1,Week 20%+ Gain,30.0,20.0,55,Basing,-10,False,43.1,False,False,False,False,False,False,False
MOH,Molina Healthcare Inc,Healthcare,Healthcare Plans,9.10B,1,5,2026-04-23,4.2,-58.2,1,Power Move,30.0,20.0,22,Basing,-10,False,20.8,False,False,False,False,False,False,False
EQPT,Equipmentshare.Com Inc,Industrials,Rental & Leasing Services,6.53B,1,5,2026-04-23,7.5,0.0,2,"10% Change, Power Move",60.0,20.0,16,Downtrend,-40,True,-2.5,False,False,False,False,False,False,False
RUM,Rumble Inc,Communication Services,Internet Content & Information,3.00B,1,5,2026-04-20,5.7,80.9,1,Week 20%+ Gain,30.0,20.0,41,Basing,-10,False,25.9,False,False,False,False,False,False,False
AEVA,Aeva Technologies Inc,Technology,Software - Infrastructure,1.02B,1,5,2026-04-24,8.0,5.6,1,Growth,30.0,20.0,18,Basing,-10,False,13.5,False,False,False,False,False,False,False
NNE,Nano Nuclear Energy Inc,Industrials,Specialty Industrial Machinery,1.43B,1,5,2026-04-22,7.3,-170.6,2,"10% Change, Power Move",60.0,20.0,-2,Downtrend,-40,False,16.1,False,False,False,False,False,False,False
OKLO,Oklo Inc,Utilities,Utilities - Independent Power Producers,12.57B,1,5,2026-04-22,8.0,86.4,2,"10% Change, Power Move",60.0,20.0,32,Downtrend,-40,False,21.7,False,False,False,False,False,False,False
GRPN,Groupon Inc,Communication Services,Internet Content & Information,678.79M,1,5,2026-04-21,7.3,-43.2,2,"Power Move, Week 20%+ Gain",60.0,20.0,26,Downtrend,-40,False,37.7,False,False,False,False,False,False,False
WKC,World Kinect Corp,Energy,Oil & Gas Refining & Marketing,1.34B,1,5,2026-04-24,3.8,-1137.1,1,Power Move,30.0,20.0,37,Basing,-10,True,8.8,False,False,False,False,False,False,False
PD,Pagerduty Inc,Technology,Software - Application,605.90M,1,5,2026-04-24,6.2,418.4,2,"10% Change, Power Move",60.0,20.0,15,Downtrend,-40,False,6.0,False,False,False,False,False,False,False
HELE,Helen of Troy Ltd,Consumer Defensive,Household & Personal Products,549.58M,1,5,2026-04-23,5.0,-793.0,1,Power Move,30.0,10.0,33,Transitional,-20,False,41.7,False,False,False,False,False,False,False
WOLF,Wolfspeed Inc,Technology,Semiconductors,1.41B,2,5,"2026-04-22, 2026-04-24",9.7,-109.1,1,Power Move,50.0,10.0,3,Downtrend,-40,False,43.0,False,False,False,False,False,False,False
PSIX,Power Solutions International Inc,Industrials,Specialty Industrial Machinery,1.95B,1,5,2026-04-22,7.6,64.3,1,Power Move,30.0,10.0,33,Transitional,-20,True,17.7,False,False,False,False,False,False,False
TFX,Teleflex Incorporated,Healthcare,Medical Instruments & Supplies,6.14B,1,5,2026-04-22,3.7,-1515.8,1,Power Move,30.0,10.0,36,Transitional,-20,True,20.3,False,False,False,False,False,False,False
RVI,Robinhood Ventures Fund I,Financial,Asset Management,374.18M,1,5,2026-04-22,6.2,0.0,1,Power Move,30.0,10.0,36,Transitional,-20,False,17.5,False,False,False,False,False,False,False
HIMS,Hims & Hers Health Inc,Healthcare,Drug Manufacturers - Specialty & Generic,6.78B,2,5,"2026-04-20, 2026-04-21",7.3,-1.6,1,Week 20%+ Gain,50.0,10.0,-6,Downtrend,-40,False,54.4,False,False,False,False,False,False,False
URGN,UroGen Pharma Ltd,Healthcare,Biotechnology,1.21B,1,5,2026-04-20,5.5,0.3,1,Power Move,30.0,10.0,33,Transitional,-20,True,25.4,False,False,False,False,False,False,False
ONEG,OneConstruction Group Ltd,Industrials,Engineering & Construction,93.12M,2,5,"2026-04-23, 2026-04-24",8.2,0.0,1,Power Move,50.0,10.0,-3,Downtrend,-40,False,111.9,False,False,False,False,False,False,False
EOSE,Eos Energy Enterprises Inc,Industrials,Electrical Equipment & Parts,2.60B,1,5,2026-04-24,,,1,Power Move,30.0,10.0,14,Transitional,-20,False,,False,False,False,False,False,False,False
SARO,StandardAero Inc,Industrials,Aerospace & Defense,8.92B,1,5,2026-04-20,3.8,2547.7,1,IPO,30.0,5.0,4,Downtrend,-40,False,-5.2,False,True,False,False,False,False,False
KREF,KKR Real Estate Finance Trust Inc,Real Estate,REIT - Mortgage,393.85M,1,5,2026-04-23,4.6,-655.3,1,10% Change,30.0,-10.0,-7,Downtrend,-40,True,-8.6,False,False,False,False,False,False,False
MBLY,Mobileye Global Inc,Consumer Cyclical,Auto Parts,7.32B,1,5,2026-04-23,4.7,87.3,1,Power Move,30.0,-10.0,16,Downtrend,-40,False,9.2,False,False,False,False,False,False,False
AKAN,Akanda Corp,Healthcare,Drug Manufacturers - Specialty & Generic,6.54M,1,5,2026-04-24,13.6,99.7,1,Power Move,30.0,-10.0,9,Downtrend,-40,False,202.5,False,False,False,False,False,False,False
HRI,Herc Holdings Inc,Industrials,Rental & Leasing Services,4.05B,1,5,2026-04-23,5.5,-102.3,1,Power Move,30.0,-10.0,15,Downtrend,-40,False,1.5,False,False,False,False,False,False,False
QBTS,D-Wave Quantum Inc,Technology,Computer Hardware,8.01B,1,5,2026-04-20,6.9,-59.0,1,Week 20%+ Gain,30.0,-10.0,1,Downtrend,-40,False,23.1,False,False,False,False,False,False,False
BTQ,BTQ Technologies Corp,Technology,Software - Infrastructure,485.78M,1,5,2026-04-20,9.2,-243.4,1,Week 20%+ Gain,30.0,-10.0,-12,Downtrend,-40,False,22.4,False,False,False,False,False,False,False
BULL,Webull Corp,Technology,Software - Application,3.73B,1,5,2026-04-20,4.9,-127.1,1,Week 20%+ Gain,30.0,-10.0,10,Downtrend,-40,False,24.8,False,False,False,False,False,False,False
GRRR,Gorilla Technology Group Inc,Technology,Software - Infrastructure,392.96M,1,5,2026-04-20,5.6,399.9,1,10% Change,30.0,-10.0,3,Downtrend,-40,False,23.7,False,False,False,False,False,False,False
BBBY,Bed Bath & Beyond Inc,Consumer Cyclical,Internet Retail,444.47M,1,5,2026-04-20,6.0,73.7,1,Week 20%+ Gain,30.0,-10.0,-3,Downtrend,-40,False,22.8,False,False,False,False,False,False,False
APPS,Digital Turbine Inc,Technology,Software - Application,456.81M,1,5,2026-04-20,6.8,84.7,1,Week 20%+ Gain,30.0,-10.0,-4,Downtrend,-40,False,5.1,False,False,False,False,False,False,False
ASST,Strive Inc,Financial,Asset Management,1.08B,1,5,2026-04-20,7.2,51.0,1,Week 20%+ Gain,30.0,-10.0,-11,Downtrend,-40,False,58.6,False,False,False,False,False,False,False
GSHD,Goosehead Insurance Inc,Financial,Insurance Brokers,1.81B,1,5,2026-04-23,5.9,-10.0,1,Power Move,30.0,-10.0,3,Downtrend,-40,False,10.8,False,False,False,False,False,False,False
CHDN,Churchill Downs Inc,Consumer Cyclical,Gambling,6.82B,1,5,2026-04-23,3.6,-7.6,1,Power Move,30.0,-10.0,-5,Downtrend,-40,True,9.5,False,False,False,False,False,False,False
QUBT,Quantum Computing Inc,Technology,Computer Hardware,2.21B,1,5,2026-04-20,6.3,81.3,1,Week 20%+ Gain,30.0,-10.0,6,Downtrend,-40,False,25.4,False,False,False,False,False,False,False
RPAY,Repay Holdings Corp,Technology,Software - Infrastructure,354.19M,1,5,2026-04-20,6.9,-2619.5,1,Week 20%+ Gain,30.0,-10.0,-12,Downtrend,-40,False,35.9,False,False,False,False,False,False,False
PBM,Psyence Biomedical Ltd,Healthcare,Biotechnology,3.39M,1,5,2026-04-20,14.2,-105.5,1,Power Move,30.0,-10.0,9,Downtrend,-40,False,283.9,False,False,False,False,False,False,False
ASPI,ASP Isotopes Inc,Basic Materials,Chemicals,706.32M,1,5,2026-04-22,9.1,-232.5,1,Power Move,30.0,-10.0,-20,Downtrend,-40,False,10.5,False,False,False,False,False,False,False
HELP,Helus Pharma Inc,Healthcare,Biotechnology,288.73M,1,5,2026-04-22,7.6,-18.3,1,Power Move,30.0,-10.0,-9,Downtrend,-40,False,0.7,False,False,False,False,False,False,False
NKLR,Terra Innovatum Global NV,Utilities,Utilities - Regulated Electric,806.66M,1,5,2026-04-22,7.1,2517.1,1,Power Move,30.0,-10.0,18,Downtrend,-40,False,54.8,False,False,False,False,False,False,False
WSHP,WeShop Holdings Ltd,Communication Services,Internet Content & Information,283.90M,1,5,2026-04-22,36.7,0.0,1,Power Move,30.0,-10.0,-6,Downtrend,-40,False,-23.3,False,False,False,False,False,False,False
ENVB,Enveric Biosciences Inc,Healthcare,Biotechnology,9.52M,1,5,2026-04-24,15.3,84.0,1,Power Move,30.0,-10.0,12,Downtrend,-40,False,125.4,False,False,False,False,False,False,False
JKS,JinkoSolar Holding Co Ltd ADR,Technology,Solar,1.14B,1,5,2026-04-22,6.1,-9999.0,1,Power Move,30.0,-10.0,-10,Downtrend,-40,False,-8.7,False,False,False,False,False,False,False
FJET,Starfighters Space Inc,Industrials,Aerospace & Defense,309.49M,1,5,2026-04-21,12.9,5.1,1,Power Move,30.0,-10.0,-3,Downtrend,-40,True,-2.6,False,False,False,False,False,False,False
QCOM,Qualcomm Inc,Technology,Semiconductors,158.82B,1,5,2026-04-24,3.0,-48.2,1,Power Move,30.0,-10.0,12,Downtrend,-40,False,10.6,False,False,False,False,False,False,False
MIGI,Big Digital Energy Inc,Financial,Capital Markets,40.44M,1,5,2026-04-24,10.9,53.4,1,Power Move,30.0,-10.0,-16,Downtrend,-40,False,111.0,False,False,False,False,False,False,False
LFMD,LifeMD Inc,Healthcare,Health Information Services,242.74M,1,5,2026-04-20,7.1,63.3,1,Power Move,30.0,-10.0,2,Downtrend,-40,False,45.8,False,False,False,False,False,False,False
LAES,SEALSQ Corp,Technology,Semiconductors,677.01M,1,5,2026-04-20,8.8,57.7,1,Week 20%+ Gain,30.0,-10.0,-1,Downtrend,-40,False,-11.1,False,False,False,False,False,False,False
